SAP_IMRG_DATE_MEAS,SAP_EQUI_NUMBER_GBL,PLANT_REGION,PLANT_PLANT_CODE,PLANT_PLANT_NAME,SAP_EQUI_MANUFACTURER,SAP_T370K_T_CLASS_VEHICLE,SAP_CLASS_AGRUP,SAP_EQUI_CLASS_ID,SAP_IMRG_UNIT_ENTRY2,FM_STANDAR,FM_SI_UNIT_CONVERTED,FM_SI_UNIT_CONVERTED_DELTA
2024-02-16,PRD000000000010069740,USA,4553,Shop - 56th Street Shop,PETERBILT,Mixer Truck,CONCRETE EQUIPMENT,TRK-MIXER,h,OPERATION TIME (h),11350,17.0
2023-10-13,PRD000000000010069740,USA,4553,Shop - 56th Street Shop,PETERBILT,Mixer Truck,CONCRETE EQUIPMENT,TRK-MIXER,h,OPERATION TIME (h),10634,62.0
2023-10-20,PRD000000000010069740,USA,4553,Shop - 56th Street Shop,PETERBILT,Mixer Truck,CONCRETE EQUIPMENT,TRK-MIXER,h,OPERATION TIME (h),10689,55.0
2023-09-28,PRD000000000010069740,USA,4553,Shop - 56th Street Shop,PETERBILT,Mixer Truck,CONCRETE EQUIPMENT,TRK-MIXER,h,OPERATION TIME (h),10517,27.0
2023-07-07,PRD000000000010069740,USA,4553,Shop - 56th Street Shop,PETERBILT,Mixer Truck,CONCRETE EQUIPMENT,TRK-MIXER,h,OPERATION TIME (h),10008,21.0
2023-07-28,PRD000000000010069740,USA,4553,Shop - 56th Street Shop,PETERBILT,Mixer Truck,CONCRETE EQUIPMENT,TRK-MIXER,h,OPERATION TIME (h),10122,0.0
2024-03-01,PRD000000000010069740,USA,4553,Shop - 56th Street Shop,PETERBILT,Mixer Truck,CONCRETE EQUIPMENT,TRK-MIXER,h,OPERATION TIME (h),11495,69.0
2023-06-16,PRD000000000010069740,USA,4553,Shop - 56th Street Shop,PETERBILT,Mixer Truck,CONCRETE EQUIPMENT,TRK-MIXER,h,OPERATION TIME (h),9911,1.0
2023-05-19,PRD000000000010069740,USA,4553,Shop - 56th Street Shop,PETERBILT,Mixer Truck,CONCRETE EQUIPMENT,TRK-MIXER,h,OPERATION TIME (h),9732,49.0
2023-12-15,PRD000000000010069740,USA,4553,Shop - 56th Street Shop,PETERBILT,Mixer Truck,CONCRETE EQUIPMENT,TRK-MIXER,h,OPERATION TIME (h),11061,53.0
2023-10-26,PRD000000000010069740,USA,4553,Shop - 56th Street Shop,PETERBILT,Mixer Truck,CONCRETE EQUIPMENT,TRK-MIXER,h,OPERATION TIME (h),10755,66.0
2023-09-01,PRD000000000010069740,USA,4553,Shop - 56th Street Shop,PETERBILT,Mixer Truck,CONCRETE EQUIPMENT,TRK-MIXER,h,OPERATION TIME (h),10303,45.0
2023-12-22,PRD000000000010069740,USA,4553,Shop - 56th Street Shop,PETERBILT,Mixer Truck,CONCRETE EQUIPMENT,TRK-MIXER,h,OPERATION TIME (h),11061,0.0
2023-11-22,PRD000000000010069740,USA,4553,Shop - 56th Street Shop,PETERBILT,Mixer Truck,CONCRETE EQUIPMENT,TRK-MIXER,h,OPERATION TIME (h),10936,35.0
2024-05-10,PRD000000000010069740,USA,4553,Shop - 56th Street Shop,PETERBILT,Mixer Truck,CONCRETE EQUIPMENT,TRK-MIXER,h,OPERATION TIME (h),11968,56.0
2023-09-22,PRD000000000010069740,USA,4553,Shop - 56th Street Shop,PETERBILT,Mixer Truck,CONCRETE EQUIPMENT,TRK-MIXER,h,OPERATION TIME (h),10456,39.0
2023-06-09,PRD000000000010069740,USA,4553,Shop - 56th Street Shop,PETERBILT,Mixer Truck,CONCRETE EQUIPMENT,TRK-MIXER,h,OPERATION TIME (h),9855,50.0
2023-11-03,PRD000000000010069740,USA,4553,Shop - 56th Street Shop,PETERBILT,Mixer Truck,CONCRETE EQUIPMENT,TRK-MIXER,h,OPERATION TIME (h),10805,50.0
2024-05-31,PRD000000000010069740,USA,4553,Shop - 56th Street Shop,PETERBILT,Mixer Truck,CONCRETE EQUIPMENT,TRK-MIXER,h,OPERATION TIME (h),12109,34.0
2023-05-12,PRD000000000010069740,USA,4553,Shop - 56th Street Shop,PETERBILT,Mixer Truck,CONCRETE EQUIPMENT,TRK-MIXER,h,OPERATION TIME (h),9683,40.0
2023-12-01,PRD000000000010069740,USA,4553,Shop - 56th Street Shop,PETERBILT,Mixer Truck,CONCRETE EQUIPMENT,TRK-MIXER,h,OPERATION TIME (h),10971,35.0
2023-06-14,PRD000000000010069740,USA,4553,Shop - 56th Street Shop,PETERBILT,Mixer Truck,CONCRETE EQUIPMENT,TRK-MIXER,h,OPERATION TIME (h),9910,55.0
2023-06-02,PRD000000000010069740,USA,4553,Shop - 56th Street Shop,PETERBILT,Mixer Truck,CONCRETE EQUIPMENT,TRK-MIXER,h,OPERATION TIME (h),9805,39.0
2024-02-09,PRD000000000010069740,USA,4553,Shop - 56th Street Shop,PETERBILT,Mixer Truck,CONCRETE EQUIPMENT,TRK-MIXER,gal,CONSUMED FUEL (l),48163,90.9
2023-11-27,PRD000000000010069740,USA,4553,Shop - 56th Street Shop,PETERBILT,Mixer Truck,CONCRETE EQUIPMENT,TRK-MIXER,gal,CONSUMED FUEL (l),43525,94.3
2023-10-17,PRD000000000010069740,USA,4553,Shop - 56th Street Shop,PETERBILT,Mixer Truck,CONCRETE EQUIPMENT,TRK-MIXER,gal,CONSUMED FUEL (l),40549,92.4
2023-06-26,PRD000000000010069740,USA,4553,Shop - 56th Street Shop,PETERBILT,Mixer Truck,CONCRETE EQUIPMENT,TRK-MIXER,gal,CONSUMED FUEL (l),33098,132.6
2024-05-08,PRD000000000010069740,USA,4553,Shop - 56th Street Shop,PETERBILT,Mixer Truck,CONCRETE EQUIPMENT,TRK-MIXER,gal,CONSUMED FUEL (l),55075,95.5
2024-02-21,PRD000000000010069740,USA,4553,Shop - 56th Street Shop,PETERBILT,Mixer Truck,CONCRETE EQUIPMENT,TRK-MIXER,gal,CONSUMED FUEL (l),49124,88.7
2023-08-29,PRD000000000010069740,USA,4553,Shop - 56th Street Shop,PETERBILT,Mixer Truck,CONCRETE EQUIPMENT,TRK-MIXER,gal,CONSUMED FUEL (l),36549,79.9
2023-12-14,PRD000000000010069740,USA,4553,Shop - 56th Street Shop,PETERBILT,Mixer Truck,CONCRETE EQUIPMENT,TRK-MIXER,gal,CONSUMED FUEL (l),44817,95.5
2024-04-02,PRD000000000010069740,USA,4553,Shop - 56th Street Shop,PETERBILT,Mixer Truck,CONCRETE EQUIPMENT,TRK-MIXER,gal,CONSUMED FUEL (l),51903,71.2
2024-02-08,PRD000000000010069740,USA,4553,Shop - 56th Street Shop,PETERBILT,Mixer Truck,CONCRETE EQUIPMENT,TRK-MIXER,gal,CONSUMED FUEL (l),47972,137.2
2023-09-12,PRD000000000010069740,USA,4553,Shop - 56th Street Shop,PETERBILT,Mixer Truck,CONCRETE EQUIPMENT,TRK-MIXER,gal,CONSUMED FUEL (l),37429,92.4
2023-08-15,PRD000000000010069740,USA,4553,Shop - 56th Street Shop,PETERBILT,Mixer Truck,CONCRETE EQUIPMENT,TRK-MIXER,gal,CONSUMED FUEL (l),35160,67.8
2024-05-21,PRD000000000010069740,USA,4553,Shop - 56th Street Shop,PETERBILT,Mixer Truck,CONCRETE EQUIPMENT,TRK-MIXER,gal,CONSUMED FUEL (l),56246,78.0
2024-01-26,PRD000000000010069740,USA,4553,Shop - 56th Street Shop,PETERBILT,Mixer Truck,CONCRETE EQUIPMENT,TRK-MIXER,gal,CONSUMED FUEL (l),46984,94.3
2024-01-10,PRD000000000010069740,USA,4553,Shop - 56th Street Shop,PETERBILT,Mixer Truck,CONCRETE EQUIPMENT,TRK-MIXER,gal,CONSUMED FUEL (l),45277,70.9
2024-06-19,PRD000000000010069740,USA,4553,Shop - 56th Street Shop,PETERBILT,Mixer Truck,CONCRETE EQUIPMENT,TRK-MIXER,gal,CONSUMED FUEL (l),57978,110.3
2023-12-07,PRD000000000010069740,USA,4553,Shop - 56th Street Shop,PETERBILT,Mixer Truck,CONCRETE EQUIPMENT,TRK-MIXER,gal,CONSUMED FUEL (l),44164,55.3
2023-12-12,PRD000000000010069740,USA,4553,Shop - 56th Street Shop,PETERBILT,Mixer Truck,CONCRETE EQUIPMENT,TRK-MIXER,gal,CONSUMED FUEL (l),44544,94.3
2023-07-21,PRD000000000010069740,USA,4553,Shop - 56th Street Shop,PETERBILT,Mixer Truck,CONCRETE EQUIPMENT,TRK-MIXER,gal,CONSUMED FUEL (l),34627,96.2
2024-07-03,PRD000000000010069740,USA,4553,Shop - 56th Street Shop,PETERBILT,Mixer Truck,CONCRETE EQUIPMENT,TRK-MIXER,gal,CONSUMED FUEL (l),59294,139.8
2023-10-11,PRD000000000010069740,USA,4553,Shop - 56th Street Shop,PETERBILT,Mixer Truck,CONCRETE EQUIPMENT,TRK-MIXER,gal,CONSUMED FUEL (l),40017,80.3
2024-06-22,PRD000000000010069740,USA,4553,Shop - 56th Street Shop,PETERBILT,Mixer Truck,CONCRETE EQUIPMENT,TRK-MIXER,gal,CONSUMED FUEL (l),58288,142.1
2024-05-14,PRD000000000010069740,USA,4553,Shop - 56th Street Shop,PETERBILT,Mixer Truck,CONCRETE EQUIPMENT,TRK-MIXER,gal,CONSUMED FUEL (l),55606,110.3
2023-07-24,PRD000000000010069740,USA,4553,Shop - 56th Street Shop,PETERBILT,Mixer Truck,CONCRETE EQUIPMENT,TRK-MIXER,gal,CONSUMED FUEL (l),34768,77.3
2023-08-23,PRD000000000010069740,USA,4553,Shop - 56th Street Shop,PETERBILT,Mixer Truck,CONCRETE EQUIPMENT,TRK-MIXER,gal,CONSUMED FUEL (l),35887,93.6
2023-06-28,PRD000000000010069740,USA,4553,Shop - 56th Street Shop,PETERBILT,Mixer Truck,CONCRETE EQUIPMENT,TRK-MIXER,gal,CONSUMED FUEL (l),33268,64.0
2023-10-05,PRD000000000010069740,USA,4553,Shop - 56th Street Shop,PETERBILT,Mixer Truck,CONCRETE EQUIPMENT,TRK-MIXER,gal,CONSUMED FUEL (l),39336,63.7
2023-08-24,PRD000000000010069740,USA,4553,Shop - 56th Street Shop,PETERBILT,Mixer Truck,CONCRETE EQUIPMENT,TRK-MIXER,gal,CONSUMED FUEL (l),36069,83.4
2024-02-05,PRD000000000010069740,USA,4553,Shop - 56th Street Shop,PETERBILT,Mixer Truck,CONCRETE EQUIPMENT,TRK-MIXER,gal,CONSUMED FUEL (l),47619,141.7
2024-01-16,PRD000000000010069740,USA,4553,Shop - 56th Street Shop,PETERBILT,Mixer Truck,CONCRETE EQUIPMENT,TRK-MIXER,gal,CONSUMED FUEL (l),45732,70.5
2024-05-09,PRD000000000010069740,USA,4553,Shop - 56th Street Shop,PETERBILT,Mixer Truck,CONCRETE EQUIPMENT,TRK-MIXER,gal,CONSUMED FUEL (l),55206,130.3
2023-08-17,PRD000000000010069740,USA,4553,Shop - 56th Street Shop,PETERBILT,Mixer Truck,CONCRETE EQUIPMENT,TRK-MIXER,gal,CONSUMED FUEL (l),35379,79.2
2023-06-14,PRD000000000010069740,USA,4553,Shop - 56th Street Shop,PETERBILT,Mixer Truck,CONCRETE EQUIPMENT,TRK-MIXER,gal,CONSUMED FUEL (l),32485,94.7
2024-05-28,PRD000000000010069740,USA,4553,Shop - 56th Street Shop,PETERBILT,Mixer Truck,CONCRETE EQUIPMENT,TRK-MIXER,gal,CONSUMED FUEL (l),56655,102.3
2023-10-04,PRD000000000010069740,USA,4553,Shop - 56th Street Shop,PETERBILT,Mixer Truck,CONCRETE EQUIPMENT,TRK-MIXER,gal,CONSUMED FUEL (l),39221,83.0
2023-12-08,PRD000000000010069740,USA,4553,Shop - 56th Street Shop,PETERBILT,Mixer Truck,CONCRETE EQUIPMENT,TRK-MIXER,gal,CONSUMED FUEL (l),44263,99.3
2023-06-29,PRD000000000010069740,USA,4553,Shop - 56th Street Shop,PETERBILT,Mixer Truck,CONCRETE EQUIPMENT,TRK-MIXER,gal,CONSUMED FUEL (l),33311,0.0
2024-01-11,PRD000000000010069740,USA,4553,Shop - 56th Street Shop,PETERBILT,Mixer Truck,CONCRETE EQUIPMENT,TRK-MIXER,gal,CONSUMED FUEL (l),45406,128.8
2024-03-16,PRD000000000010069740,USA,4553,Shop - 56th Street Shop,PETERBILT,Mixer Truck,CONCRETE EQUIPMENT,TRK-MIXER,gal,CONSUMED FUEL (l),51121,51.1
2024-05-23,PRD000000000010069740,USA,4553,Shop - 56th Street Shop,PETERBILT,Mixer Truck,CONCRETE EQUIPMENT,TRK-MIXER,gal,CONSUMED FUEL (l),56493,84.5
2024-05-17,PRD000000000010069740,USA,4553,Shop - 56th Street Shop,PETERBILT,Mixer Truck,CONCRETE EQUIPMENT,TRK-MIXER,gal,CONSUMED FUEL (l),55818,137.2
2024-05-22,PRD000000000010069740,USA,4553,Shop - 56th Street Shop,PETERBILT,Mixer Truck,CONCRETE EQUIPMENT,TRK-MIXER,gal,CONSUMED FUEL (l),56408,88.3
2023-05-12,PRD000000000010069740,USA,4553,Shop - 56th Street Shop,PETERBILT,Mixer Truck,CONCRETE EQUIPMENT,TRK-MIXER,gal,CONSUMED FUEL (l),31212,0.4
2023-06-19,PRD000000000010069740,USA,4553,Shop - 56th Street Shop,PETERBILT,Mixer Truck,CONCRETE EQUIPMENT,TRK-MIXER,gal,CONSUMED FUEL (l),32550,64.8
2023-09-14,PRD000000000010069740,USA,4553,Shop - 56th Street Shop,PETERBILT,Mixer Truck,CONCRETE EQUIPMENT,TRK-MIXER,gal,CONSUMED FUEL (l),37640,107.6
2023-07-18,PRD000000000010069740,USA,4553,Shop - 56th Street Shop,PETERBILT,Mixer Truck,CONCRETE EQUIPMENT,TRK-MIXER,gal,CONSUMED FUEL (l),34333,134.9
2024-04-18,PRD000000000010069740,USA,4553,Shop - 56th Street Shop,PETERBILT,Mixer Truck,CONCRETE EQUIPMENT,TRK-MIXER,gal,CONSUMED FUEL (l),53118,142.1
2023-08-18,PRD000000000010069740,USA,4553,Shop - 56th Street Shop,PETERBILT,Mixer Truck,CONCRETE EQUIPMENT,TRK-MIXER,gal,CONSUMED FUEL (l),35486,70.9
2023-12-02,PRD000000000010069740,USA,4553,Shop - 56th Street Shop,PETERBILT,Mixer Truck,CONCRETE EQUIPMENT,TRK-MIXER,gal,CONSUMED FUEL (l),43776,67.4
2023-07-19,PRD000000000010069740,USA,4553,Shop - 56th Street Shop,PETERBILT,Mixer Truck,CONCRETE EQUIPMENT,TRK-MIXER,gal,CONSUMED FUEL (l),34444,110.6
2023-06-13,PRD000000000010069740,USA,4553,Shop - 56th Street Shop,PETERBILT,Mixer Truck,CONCRETE EQUIPMENT,TRK-MIXER,gal,CONSUMED FUEL (l),32391,115.2
2023-10-27,PRD000000000010069740,USA,4553,Shop - 56th Street Shop,PETERBILT,Mixer Truck,CONCRETE EQUIPMENT,TRK-MIXER,gal,CONSUMED FUEL (l),41565,62.9
2024-01-05,PRD000000000010069740,USA,4553,Shop - 56th Street Shop,PETERBILT,Mixer Truck,CONCRETE EQUIPMENT,TRK-MIXER,gal,CONSUMED FUEL (l),45020,69.7
2023-07-10,PRD000000000010069740,USA,4553,Shop - 56th Street Shop,PETERBILT,Mixer Truck,CONCRETE EQUIPMENT,TRK-MIXER,gal,CONSUMED FUEL (l),33582,117.1
2024-03-28,PRD000000000010069740,USA,4553,Shop - 56th Street Shop,PETERBILT,Mixer Truck,CONCRETE EQUIPMENT,TRK-MIXER,gal,CONSUMED FUEL (l),51400,80.3
2024-06-12,PRD000000000010069740,USA,4553,Shop - 56th Street Shop,PETERBILT,Mixer Truck,CONCRETE EQUIPMENT,TRK-MIXER,gal,CONSUMED FUEL (l),57418,88.3
2023-07-13,PRD000000000010069740,USA,4553,Shop - 56th Street Shop,PETERBILT,Mixer Truck,CONCRETE EQUIPMENT,TRK-MIXER,gal,CONSUMED FUEL (l),33972,98.5
2024-04-01,PRD000000000010069740,USA,4553,Shop - 56th Street Shop,PETERBILT,Mixer Truck,CONCRETE EQUIPMENT,TRK-MIXER,gal,CONSUMED FUEL (l),51734,92.4
2024-05-06,PRD000000000010069740,USA,4553,Shop - 56th Street Shop,PETERBILT,Mixer Truck,CONCRETE EQUIPMENT,TRK-MIXER,gal,CONSUMED FUEL (l),54980,126.5
2024-04-19,PRD000000000010069740,USA,4553,Shop - 56th Street Shop,PETERBILT,Mixer Truck,CONCRETE EQUIPMENT,TRK-MIXER,gal,CONSUMED FUEL (l),53206,87.5
2023-10-10,PRD000000000010069740,USA,4553,Shop - 56th Street Shop,PETERBILT,Mixer Truck,CONCRETE EQUIPMENT,TRK-MIXER,gal,CONSUMED FUEL (l),39868,53.8
2024-03-29,PRD000000000010069740,USA,4553,Shop - 56th Street Shop,PETERBILT,Mixer Truck,CONCRETE EQUIPMENT,TRK-MIXER,gal,CONSUMED FUEL (l),51587,125.4
2023-09-25,PRD000000000010069740,USA,4553,Shop - 56th Street Shop,PETERBILT,Mixer Truck,CONCRETE EQUIPMENT,TRK-MIXER,gal,CONSUMED FUEL (l),38252,78.4
2023-12-13,PRD000000000010069740,USA,4553,Shop - 56th Street Shop,PETERBILT,Mixer Truck,CONCRETE EQUIPMENT,TRK-MIXER,gal,CONSUMED FUEL (l),44721,67.8
2024-03-13,PRD000000000010069740,USA,4553,Shop - 56th Street Shop,PETERBILT,Mixer Truck,CONCRETE EQUIPMENT,TRK-MIXER,gal,CONSUMED FUEL (l),50921,107.6
2023-10-26,PRD000000000010069740,USA,4553,Shop - 56th Street Shop,PETERBILT,Mixer Truck,CONCRETE EQUIPMENT,TRK-MIXER,gal,CONSUMED FUEL (l),41428,68.2
2023-10-03,PRD000000000010069740,USA,4553,Shop - 56th Street Shop,PETERBILT,Mixer Truck,CONCRETE EQUIPMENT,TRK-MIXER,gal,CONSUMED FUEL (l),39046,61.4
2024-06-13,PRD000000000010069740,USA,4553,Shop - 56th Street Shop,PETERBILT,Mixer Truck,CONCRETE EQUIPMENT,TRK-MIXER,gal,CONSUMED FUEL (l),57484,66.3
2024-06-10,PRD000000000010069740,USA,4553,Shop - 56th Street Shop,PETERBILT,Mixer Truck,CONCRETE EQUIPMENT,TRK-MIXER,gal,CONSUMED FUEL (l),57330,115.6
2023-10-09,PRD000000000010069740,USA,4553,Shop - 56th Street Shop,PETERBILT,Mixer Truck,CONCRETE EQUIPMENT,TRK-MIXER,gal,CONSUMED FUEL (l),39704,67.1
2024-01-24,PRD000000000010069740,USA,4553,Shop - 56th Street Shop,PETERBILT,Mixer Truck,CONCRETE EQUIPMENT,TRK-MIXER,gal,CONSUMED FUEL (l),46759,43.6
2024-04-30,PRD000000000010069740,USA,4553,Shop - 56th Street Shop,PETERBILT,Mixer Truck,CONCRETE EQUIPMENT,TRK-MIXER,gal,CONSUMED FUEL (l),54300,106.8
2024-04-15,PRD000000000010069740,USA,4553,Shop - 56th Street Shop,PETERBILT,Mixer Truck,CONCRETE EQUIPMENT,TRK-MIXER,gal,CONSUMED FUEL (l),52976,104.6
2023-06-21,PRD000000000010069740,USA,4553,Shop - 56th Street Shop,PETERBILT,Mixer Truck,CONCRETE EQUIPMENT,TRK-MIXER,gal,CONSUMED FUEL (l),32817,109.9
2023-11-21,PRD000000000010069740,USA,4553,Shop - 56th Street Shop,PETERBILT,Mixer Truck,CONCRETE EQUIPMENT,TRK-MIXER,gal,CONSUMED FUEL (l),43352,106.1
2023-11-02,PRD000000000010069740,USA,4553,Shop - 56th Street Shop,PETERBILT,Mixer Truck,CONCRETE EQUIPMENT,TRK-MIXER,gal,CONSUMED FUEL (l),41959,91.3
2023-09-05,PRD000000000010069740,USA,4553,Shop - 56th Street Shop,PETERBILT,Mixer Truck,CONCRETE EQUIPMENT,TRK-MIXER,gal,CONSUMED FUEL (l),36774,81.5
2024-04-13,PRD000000000010069740,USA,4553,Shop - 56th Street Shop,PETERBILT,Mixer Truck,CONCRETE EQUIPMENT,TRK-MIXER,gal,CONSUMED FUEL (l),52871,78.0
2024-05-02,PRD000000000010069740,USA,4553,Shop - 56th Street Shop,PETERBILT,Mixer Truck,CONCRETE EQUIPMENT,TRK-MIXER,gal,CONSUMED FUEL (l),54589,104.6
2024-01-12,PRD000000000010069740,USA,4553,Shop - 56th Street Shop,PETERBILT,Mixer Truck,CONCRETE EQUIPMENT,TRK-MIXER,gal,CONSUMED FUEL (l),45452,45.5
2023-10-23,PRD000000000010069740,USA,4553,Shop - 56th Street Shop,PETERBILT,Mixer Truck,CONCRETE EQUIPMENT,TRK-MIXER,gal,CONSUMED FUEL (l),41089,87.1
2023-09-18,PRD000000000010069740,USA,4553,Shop - 56th Street Shop,PETERBILT,Mixer Truck,CONCRETE EQUIPMENT,TRK-MIXER,gal,CONSUMED FUEL (l),37860,87.9
2023-09-26,PRD000000000010069740,USA,4553,Shop - 56th Street Shop,PETERBILT,Mixer Truck,CONCRETE EQUIPMENT,TRK-MIXER,gal,CONSUMED FUEL (l),38356,103.4
2023-08-21,PRD000000000010069740,USA,4553,Shop - 56th Street Shop,PETERBILT,Mixer Truck,CONCRETE EQUIPMENT,TRK-MIXER,gal,CONSUMED FUEL (l),35613,68.2
2023-09-07,PRD000000000010069740,USA,4553,Shop - 56th Street Shop,PETERBILT,Mixer Truck,CONCRETE EQUIPMENT,TRK-MIXER,gal,CONSUMED FUEL (l),37057,67.4
2024-01-09,PRD000000000010069740,USA,4553,Shop - 56th Street Shop,PETERBILT,Mixer Truck,CONCRETE EQUIPMENT,TRK-MIXER,gal,CONSUMED FUEL (l),45206,89.4
2024-02-24,PRD000000000010069740,USA,4553,Shop - 56th Street Shop,PETERBILT,Mixer Truck,CONCRETE EQUIPMENT,TRK-MIXER,gal,CONSUMED FUEL (l),49457,126.2
2024-03-19,PRD000000000010069740,USA,4553,Shop - 56th Street Shop,PETERBILT,Mixer Truck,CONCRETE EQUIPMENT,TRK-MIXER,gal,CONSUMED FUEL (l),51222,101.2
2023-06-22,PRD000000000010069740,USA,4553,Shop - 56th Street Shop,PETERBILT,Mixer Truck,CONCRETE EQUIPMENT,TRK-MIXER,gal,CONSUMED FUEL (l),32897,79.9
2023-08-22,PRD000000000010069740,USA,4553,Shop - 56th Street Shop,PETERBILT,Mixer Truck,CONCRETE EQUIPMENT,TRK-MIXER,gal,CONSUMED FUEL (l),35736,51.9
2023-11-15,PRD000000000010069740,USA,4553,Shop - 56th Street Shop,PETERBILT,Mixer Truck,CONCRETE EQUIPMENT,TRK-MIXER,gal,CONSUMED FUEL (l),43045,40.2
2024-06-27,PRD000000000010069740,USA,4553,Shop - 56th Street Shop,PETERBILT,Mixer Truck,CONCRETE EQUIPMENT,TRK-MIXER,gal,CONSUMED FUEL (l),58804,79.2
2024-02-29,PRD000000000010069740,USA,4553,Shop - 56th Street Shop,PETERBILT,Mixer Truck,CONCRETE EQUIPMENT,TRK-MIXER,gal,CONSUMED FUEL (l),49892,78.4
2023-08-17,PRD000000000010069740,USA,4553,Shop - 56th Street Shop,PETERBILT,Mixer Truck,CONCRETE EQUIPMENT,TRK-MIXER,gal,CONSUMED FUEL (l),35415,36.4
2024-02-02,PRD000000000010069740,USA,4553,Shop - 56th Street Shop,PETERBILT,Mixer Truck,CONCRETE EQUIPMENT,TRK-MIXER,gal,CONSUMED FUEL (l),47478,113.3
2024-03-06,PRD000000000010069740,USA,4553,Shop - 56th Street Shop,PETERBILT,Mixer Truck,CONCRETE EQUIPMENT,TRK-MIXER,gal,CONSUMED FUEL (l),50358,117.8
2024-01-15,PRD000000000010069740,USA,4553,Shop - 56th Street Shop,PETERBILT,Mixer Truck,CONCRETE EQUIPMENT,TRK-MIXER,gal,CONSUMED FUEL (l),45608,94.7
2024-02-16,PRD000000000010069740,USA,4553,Shop - 56th Street Shop,PETERBILT,Mixer Truck,CONCRETE EQUIPMENT,TRK-MIXER,gal,CONSUMED FUEL (l),48766,70.5
2024-04-10,PRD000000000010069740,USA,4553,Shop - 56th Street Shop,PETERBILT,Mixer Truck,CONCRETE EQUIPMENT,TRK-MIXER,gal,CONSUMED FUEL (l),52637,99.3
2024-02-22,PRD000000000010069740,USA,4553,Shop - 56th Street Shop,PETERBILT,Mixer Truck,CONCRETE EQUIPMENT,TRK-MIXER,gal,CONSUMED FUEL (l),49331,87.9
2024-03-05,PRD000000000010069740,USA,4553,Shop - 56th Street Shop,PETERBILT,Mixer Truck,CONCRETE EQUIPMENT,TRK-MIXER,gal,CONSUMED FUEL (l),50240,66.3
2023-11-14,PRD000000000010069740,USA,4553,Shop - 56th Street Shop,PETERBILT,Mixer Truck,CONCRETE EQUIPMENT,TRK-MIXER,gal,CONSUMED FUEL (l),42909,36.8
2024-06-19,PRD000000000010069740,USA,4553,Shop - 56th Street Shop,PETERBILT,Mixer Truck,CONCRETE EQUIPMENT,TRK-MIXER,gal,CONSUMED FUEL (l),58023,44.7
2024-04-24,PRD000000000010069740,USA,4553,Shop - 56th Street Shop,PETERBILT,Mixer Truck,CONCRETE EQUIPMENT,TRK-MIXER,gal,CONSUMED FUEL (l),53719,67.1
2024-03-01,PRD000000000010069740,USA,4553,Shop - 56th Street Shop,PETERBILT,Mixer Truck,CONCRETE EQUIPMENT,TRK-MIXER,gal,CONSUMED FUEL (l),50068,84.9
2024-01-22,PRD000000000010069740,USA,4553,Shop - 56th Street Shop,PETERBILT,Mixer Truck,CONCRETE EQUIPMENT,TRK-MIXER,gal,CONSUMED FUEL (l),46410,75.4
2024-01-18,PRD000000000010069740,USA,4553,Shop - 56th Street Shop,PETERBILT,Mixer Truck,CONCRETE EQUIPMENT,TRK-MIXER,gal,CONSUMED FUEL (l),46024,35.2
2024-03-15,PRD000000000010069740,USA,4553,Shop - 56th Street Shop,PETERBILT,Mixer Truck,CONCRETE EQUIPMENT,TRK-MIXER,gal,CONSUMED FUEL (l),51070,62.5
2024-04-26,PRD000000000010069740,USA,4553,Shop - 56th Street Shop,PETERBILT,Mixer Truck,CONCRETE EQUIPMENT,TRK-MIXER,gal,CONSUMED FUEL (l),54012,126.5
2023-06-20,PRD000000000010069740,USA,4553,Shop - 56th Street Shop,PETERBILT,Mixer Truck,CONCRETE EQUIPMENT,TRK-MIXER,gal,CONSUMED FUEL (l),32707,97.0
2023-10-02,PRD000000000010069740,USA,4553,Shop - 56th Street Shop,PETERBILT,Mixer Truck,CONCRETE EQUIPMENT,TRK-MIXER,gal,CONSUMED FUEL (l),38985,88.7
2023-09-20,PRD000000000010069740,USA,4553,Shop - 56th Street Shop,PETERBILT,Mixer Truck,CONCRETE EQUIPMENT,TRK-MIXER,gal,CONSUMED FUEL (l),37957,96.6
2024-04-22,PRD000000000010069740,USA,4553,Shop - 56th Street Shop,PETERBILT,Mixer Truck,CONCRETE EQUIPMENT,TRK-MIXER,gal,CONSUMED FUEL (l),53360,69.7
2024-04-04,PRD000000000010069740,USA,4553,Shop - 56th Street Shop,PETERBILT,Mixer Truck,CONCRETE EQUIPMENT,TRK-MIXER,gal,CONSUMED FUEL (l),52160,89.0
2023-10-13,PRD000000000010069740,USA,4553,Shop - 56th Street Shop,PETERBILT,Mixer Truck,CONCRETE EQUIPMENT,TRK-MIXER,gal,CONSUMED FUEL (l),40196,86.4
2023-08-25,PRD000000000010069740,USA,4553,Shop - 56th Street Shop,PETERBILT,Mixer Truck,CONCRETE EQUIPMENT,TRK-MIXER,gal,CONSUMED FUEL (l),36263,69.7
2024-02-19,PRD000000000010069740,USA,4553,Shop - 56th Street Shop,PETERBILT,Mixer Truck,CONCRETE EQUIPMENT,TRK-MIXER,gal,CONSUMED FUEL (l),48947,95.9
2024-01-29,PRD000000000010069740,USA,4553,Shop - 56th Street Shop,PETERBILT,Mixer Truck,CONCRETE EQUIPMENT,TRK-MIXER,gal,CONSUMED FUEL (l),47102,117.8
2023-12-12,PRD000000000010069740,USA,4553,Shop - 56th Street Shop,PETERBILT,Mixer Truck,CONCRETE EQUIPMENT,TRK-MIXER,gal,CONSUMED FUEL (l),44594,50.8
2024-06-24,PRD000000000010069740,USA,4553,Shop - 56th Street Shop,PETERBILT,Mixer Truck,CONCRETE EQUIPMENT,TRK-MIXER,gal,CONSUMED FUEL (l),58443,155.3
2024-04-23,PRD000000000010069740,USA,4553,Shop - 56th Street Shop,PETERBILT,Mixer Truck,CONCRETE EQUIPMENT,TRK-MIXER,gal,CONSUMED FUEL (l),53538,92.8
2024-03-12,PRD000000000010069740,USA,4553,Shop - 56th Street Shop,PETERBILT,Mixer Truck,CONCRETE EQUIPMENT,TRK-MIXER,gal,CONSUMED FUEL (l),50814,136.4
2023-09-28,PRD000000000010069740,USA,4553,Shop - 56th Street Shop,PETERBILT,Mixer Truck,CONCRETE EQUIPMENT,TRK-MIXER,gal,CONSUMED FUEL (l),38585,87.9
2024-01-19,PRD000000000010069740,USA,4553,Shop - 56th Street Shop,PETERBILT,Mixer Truck,CONCRETE EQUIPMENT,TRK-MIXER,gal,CONSUMED FUEL (l),46174,58.7
2024-06-14,PRD000000000010069740,USA,4553,Shop - 56th Street Shop,PETERBILT,Mixer Truck,CONCRETE EQUIPMENT,TRK-MIXER,gal,CONSUMED FUEL (l),57683,97.0
2024-04-03,PRD000000000010069740,USA,4553,Shop - 56th Street Shop,PETERBILT,Mixer Truck,CONCRETE EQUIPMENT,TRK-MIXER,gal,CONSUMED FUEL (l),51994,91.3
2024-02-13,PRD000000000010069740,USA,4553,Shop - 56th Street Shop,PETERBILT,Mixer Truck,CONCRETE EQUIPMENT,TRK-MIXER,gal,CONSUMED FUEL (l),48509,128.4
2024-07-02,PRD000000000010069740,USA,4553,Shop - 56th Street Shop,PETERBILT,Mixer Truck,CONCRETE EQUIPMENT,TRK-MIXER,gal,CONSUMED FUEL (l),59154,107.2
2024-04-09,PRD000000000010069740,USA,4553,Shop - 56th Street Shop,PETERBILT,Mixer Truck,CONCRETE EQUIPMENT,TRK-MIXER,gal,CONSUMED FUEL (l),52537,87.1
2023-12-11,PRD000000000010069740,USA,4553,Shop - 56th Street Shop,PETERBILT,Mixer Truck,CONCRETE EQUIPMENT,TRK-MIXER,gal,CONSUMED FUEL (l),44449,101.5
2023-07-17,PRD000000000010069740,USA,4553,Shop - 56th Street Shop,PETERBILT,Mixer Truck,CONCRETE EQUIPMENT,TRK-MIXER,gal,CONSUMED FUEL (l),34091,0.0
2023-10-18,PRD000000000010069740,USA,4553,Shop - 56th Street Shop,PETERBILT,Mixer Truck,CONCRETE EQUIPMENT,TRK-MIXER,gal,CONSUMED FUEL (l),40793,69.7
2024-05-21,PRD000000000010069740,USA,4553,Shop - 56th Street Shop,PETERBILT,Mixer Truck,CONCRETE EQUIPMENT,TRK-MIXER,gal,CONSUMED FUEL (l),56320,73.9
2023-07-17,PRD000000000010069740,USA,4553,Shop - 56th Street Shop,PETERBILT,Mixer Truck,CONCRETE EQUIPMENT,TRK-MIXER,gal,CONSUMED FUEL (l),34198,107.2
2023-07-20,PRD000000000010069740,USA,4553,Shop - 56th Street Shop,PETERBILT,Mixer Truck,CONCRETE EQUIPMENT,TRK-MIXER,gal,CONSUMED FUEL (l),34531,87.5
2023-08-16,PRD000000000010069740,USA,4553,Shop - 56th Street Shop,PETERBILT,Mixer Truck,CONCRETE EQUIPMENT,TRK-MIXER,gal,CONSUMED FUEL (l),35300,53.8
2023-12-06,PRD000000000010069740,USA,4553,Shop - 56th Street Shop,PETERBILT,Mixer Truck,CONCRETE EQUIPMENT,TRK-MIXER,gal,CONSUMED FUEL (l),44108,78.0
2023-09-01,PRD000000000010069740,USA,4553,Shop - 56th Street Shop,PETERBILT,Mixer Truck,CONCRETE EQUIPMENT,TRK-MIXER,gal,CONSUMED FUEL (l),36693,77.3
2024-04-02,PRD000000000010069740,USA,4553,Shop - 56th Street Shop,PETERBILT,Mixer Truck,CONCRETE EQUIPMENT,TRK-MIXER,gal,CONSUMED FUEL (l),51903,0.0
2023-09-22,PRD000000000010069740,USA,4553,Shop - 56th Street Shop,PETERBILT,Mixer Truck,CONCRETE EQUIPMENT,TRK-MIXER,gal,CONSUMED FUEL (l),38174,90.9
2024-01-08,PRD000000000010069740,USA,4553,Shop - 56th Street Shop,PETERBILT,Mixer Truck,CONCRETE EQUIPMENT,TRK-MIXER,gal,CONSUMED FUEL (l),45117,97.0
2024-03-29,PRD000000000010069740,USA,4553,Shop - 56th Street Shop,PETERBILT,Mixer Truck,CONCRETE EQUIPMENT,TRK-MIXER,gal,CONSUMED FUEL (l),51641,53.8
2024-05-23,PRD000000000010069740,USA,4553,Shop - 56th Street Shop,PETERBILT,Mixer Truck,CONCRETE EQUIPMENT,TRK-MIXER,gal,CONSUMED FUEL (l),56553,60.2
2024-01-30,PRD000000000010069740,USA,4553,Shop - 56th Street Shop,PETERBILT,Mixer Truck,CONCRETE EQUIPMENT,TRK-MIXER,gal,CONSUMED FUEL (l),47279,47.7
2024-01-17,PRD000000000010069740,USA,4553,Shop - 56th Street Shop,PETERBILT,Mixer Truck,CONCRETE EQUIPMENT,TRK-MIXER,gal,CONSUMED FUEL (l),45905,69.7
2024-04-05,PRD000000000010069740,USA,4553,Shop - 56th Street Shop,PETERBILT,Mixer Truck,CONCRETE EQUIPMENT,TRK-MIXER,gal,CONSUMED FUEL (l),52340,82.6
2024-03-07,PRD000000000010069740,USA,4553,Shop - 56th Street Shop,PETERBILT,Mixer Truck,CONCRETE EQUIPMENT,TRK-MIXER,gal,CONSUMED FUEL (l),50423,65.5
2023-06-19,PRD000000000010069740,USA,4553,Shop - 56th Street Shop,PETERBILT,Mixer Truck,CONCRETE EQUIPMENT,TRK-MIXER,gal,CONSUMED FUEL (l),32610,59.9
2023-11-10,PRD000000000010069740,USA,4553,Shop - 56th Street Shop,PETERBILT,Mixer Truck,CONCRETE EQUIPMENT,TRK-MIXER,gal,CONSUMED FUEL (l),42775,89.4
2023-11-28,PRD000000000010069740,USA,4553,Shop - 56th Street Shop,PETERBILT,Mixer Truck,CONCRETE EQUIPMENT,TRK-MIXER,gal,CONSUMED FUEL (l),43709,57.2
2023-05-16,PRD000000000010069740,USA,4553,Shop - 56th Street Shop,PETERBILT,Mixer Truck,CONCRETE EQUIPMENT,TRK-MIXER,gal,CONSUMED FUEL (l),31559,137.5
2023-10-17,PRD000000000010069740,USA,4553,Shop - 56th Street Shop,PETERBILT,Mixer Truck,CONCRETE EQUIPMENT,TRK-MIXER,gal,CONSUMED FUEL (l),40645,96.2
2024-05-13,PRD000000000010069740,USA,4553,Shop - 56th Street Shop,PETERBILT,Mixer Truck,CONCRETE EQUIPMENT,TRK-MIXER,gal,CONSUMED FUEL (l),55496,152.3
2023-11-20,PRD000000000010069740,USA,4553,Shop - 56th Street Shop,PETERBILT,Mixer Truck,CONCRETE EQUIPMENT,TRK-MIXER,gal,CONSUMED FUEL (l),43246,85.2
2023-10-09,PRD000000000010069740,USA,4553,Shop - 56th Street Shop,PETERBILT,Mixer Truck,CONCRETE EQUIPMENT,TRK-MIXER,gal,CONSUMED FUEL (l),39740,36.0
2023-09-13,PRD000000000010069740,USA,4553,Shop - 56th Street Shop,PETERBILT,Mixer Truck,CONCRETE EQUIPMENT,TRK-MIXER,gal,CONSUMED FUEL (l),37532,65.5
2023-07-21,PRD000000000010069740,USA,4553,Shop - 56th Street Shop,PETERBILT,Mixer Truck,CONCRETE EQUIPMENT,TRK-MIXER,gal,CONSUMED FUEL (l),34691,63.3
2023-06-12,PRD000000000010069740,USA,4553,Shop - 56th Street Shop,PETERBILT,Mixer Truck,CONCRETE EQUIPMENT,TRK-MIXER,gal,CONSUMED FUEL (l),32276,117.1
2024-06-06,PRD000000000010069740,USA,4553,Shop - 56th Street Shop,PETERBILT,Mixer Truck,CONCRETE EQUIPMENT,TRK-MIXER,gal,CONSUMED FUEL (l),57214,131.1
2024-05-14,PRD000000000010069740,USA,4553,Shop - 56th Street Shop,PETERBILT,Mixer Truck,CONCRETE EQUIPMENT,TRK-MIXER,gal,CONSUMED FUEL (l),55681,74.6
2023-08-23,PRD000000000010069740,USA,4553,Shop - 56th Street Shop,PETERBILT,Mixer Truck,CONCRETE EQUIPMENT,TRK-MIXER,gal,CONSUMED FUEL (l),35986,98.1
2023-10-23,PRD000000000010069740,USA,4553,Shop - 56th Street Shop,PETERBILT,Mixer Truck,CONCRETE EQUIPMENT,TRK-MIXER,gal,CONSUMED FUEL (l),41143,53.0
2024-01-22,PRD000000000010069740,USA,4553,Shop - 56th Street Shop,PETERBILT,Mixer Truck,CONCRETE EQUIPMENT,TRK-MIXER,gal,CONSUMED FUEL (l),46458,47.4
2024-03-28,PRD000000000010069740,USA,4553,Shop - 56th Street Shop,PETERBILT,Mixer Truck,CONCRETE EQUIPMENT,TRK-MIXER,gal,CONSUMED FUEL (l),51462,62.5
2024-01-24,PRD000000000010069740,USA,4553,Shop - 56th Street Shop,PETERBILT,Mixer Truck,CONCRETE EQUIPMENT,TRK-MIXER,gal,CONSUMED FUEL (l),46819,59.9
2023-08-15,PRD000000000010069740,USA,4553,Shop - 56th Street Shop,PETERBILT,Mixer Truck,CONCRETE EQUIPMENT,TRK-MIXER,gal,CONSUMED FUEL (l),35246,85.6
2023-09-09,PRD000000000010069740,USA,4553,Shop - 56th Street Shop,PETERBILT,Mixer Truck,CONCRETE EQUIPMENT,TRK-MIXER,gal,CONSUMED FUEL (l),37165,76.9
2024-05-03,PRD000000000010069740,USA,4553,Shop - 56th Street Shop,PETERBILT,Mixer Truck,CONCRETE EQUIPMENT,TRK-MIXER,gal,CONSUMED FUEL (l),54791,106.8
2024-03-19,PRD000000000010069740,USA,4553,Shop - 56th Street Shop,PETERBILT,Mixer Truck,CONCRETE EQUIPMENT,TRK-MIXER,gal,CONSUMED FUEL (l),51265,43.2
2023-08-14,PRD000000000010069740,USA,4553,Shop - 56th Street Shop,PETERBILT,Mixer Truck,CONCRETE EQUIPMENT,TRK-MIXER,gal,CONSUMED FUEL (l),35093,105.7
2024-02-15,PRD000000000010069740,USA,4553,Shop - 56th Street Shop,PETERBILT,Mixer Truck,CONCRETE EQUIPMENT,TRK-MIXER,gal,CONSUMED FUEL (l),48695,75.0
2023-08-25,PRD000000000010069740,USA,4553,Shop - 56th Street Shop,PETERBILT,Mixer Truck,CONCRETE EQUIPMENT,TRK-MIXER,gal,CONSUMED FUEL (l),36306,42.8
2024-03-08,PRD000000000010069740,USA,4553,Shop - 56th Street Shop,PETERBILT,Mixer Truck,CONCRETE EQUIPMENT,TRK-MIXER,gal,CONSUMED FUEL (l),50535,111.8
2023-12-04,PRD000000000010069740,USA,4553,Shop - 56th Street Shop,PETERBILT,Mixer Truck,CONCRETE EQUIPMENT,TRK-MIXER,gal,CONSUMED FUEL (l),43907,130.3
2024-03-04,PRD000000000010069740,USA,4553,Shop - 56th Street Shop,PETERBILT,Mixer Truck,CONCRETE EQUIPMENT,TRK-MIXER,gal,CONSUMED FUEL (l),50173,105.3
2024-01-29,PRD000000000010069740,USA,4553,Shop - 56th Street Shop,PETERBILT,Mixer Truck,CONCRETE EQUIPMENT,TRK-MIXER,gal,CONSUMED FUEL (l),47146,44.3
2024-01-15,PRD000000000010069740,USA,4553,Shop - 56th Street Shop,PETERBILT,Mixer Truck,CONCRETE EQUIPMENT,TRK-MIXER,gal,CONSUMED FUEL (l),45662,54.2
2024-02-09,PRD000000000010069740,USA,4553,Shop - 56th Street Shop,PETERBILT,Mixer Truck,CONCRETE EQUIPMENT,TRK-MIXER,gal,CONSUMED FUEL (l),48270,106.8
2023-10-16,PRD000000000010069740,USA,4553,Shop - 56th Street Shop,PETERBILT,Mixer Truck,CONCRETE EQUIPMENT,TRK-MIXER,gal,CONSUMED FUEL (l),40457,121.6
2024-04-10,PRD000000000010069740,USA,4553,Shop - 56th Street Shop,PETERBILT,Mixer Truck,CONCRETE EQUIPMENT,TRK-MIXER,gal,CONSUMED FUEL (l),52704,67.4
2024-01-23,PRD000000000010069740,USA,4553,Shop - 56th Street Shop,PETERBILT,Mixer Truck,CONCRETE EQUIPMENT,TRK-MIXER,gal,CONSUMED FUEL (l),46647,104.2
2024-04-29,PRD000000000010069740,USA,4553,Shop - 56th Street Shop,PETERBILT,Mixer Truck,CONCRETE EQUIPMENT,TRK-MIXER,gal,CONSUMED FUEL (l),54193,83.0
2024-06-05,PRD000000000010069740,USA,4553,Shop - 56th Street Shop,PETERBILT,Mixer Truck,CONCRETE EQUIPMENT,TRK-MIXER,gal,CONSUMED FUEL (l),57011,113.3
2024-06-18,PRD000000000010069740,USA,4553,Shop - 56th Street Shop,PETERBILT,Mixer Truck,CONCRETE EQUIPMENT,TRK-MIXER,mei,DISTANCE (km),183537,9166.6
2023-09-25,PRD000000000010069740,USA,4553,Shop - 56th Street Shop,PETERBILT,Mixer Truck,CONCRETE EQUIPMENT,TRK-MIXER,mei,DISTANCE (km),153828,24931.3
2024-01-08,PRD000000000010069740,USA,4553,Shop - 56th Street Shop,PETERBILT,Mixer Truck,CONCRETE EQUIPMENT,TRK-MIXER,mei,DISTANCE (km),165785,11957.1
2024-03-19,PRD000000000010069740,USA,4553,Shop - 56th Street Shop,PETERBILT,Mixer Truck,CONCRETE EQUIPMENT,TRK-MIXER,mei,DISTANCE (km),174370,8585.6
2024-05-25,PRD000000000010069740,USA,4553,Shop - 56th Street Shop,PETERBILT,Mixer Truck,CONCRETE EQUIPMENT,TRK-MIXER,h,OPERATION TIME (h),12075,53.0
2023-05-27,PRD000000000010069740,USA,4553,Shop - 56th Street Shop,PETERBILT,Mixer Truck,CONCRETE EQUIPMENT,TRK-MIXER,h,OPERATION TIME (h),9766,34.0
2024-01-19,PRD000000000010069740,USA,4553,Shop - 56th Street Shop,PETERBILT,Mixer Truck,CONCRETE EQUIPMENT,TRK-MIXER,h,OPERATION TIME (h),11167,42.0
2024-06-18,PRD000000000010069740,USA,4553,Shop - 56th Street Shop,PETERBILT,Mixer Truck,CONCRETE EQUIPMENT,TRK-MIXER,h,OPERATION TIME (h),12174,19.0
2023-08-03,PRD000000000010069740,USA,4553,Shop - 56th Street Shop,PETERBILT,Mixer Truck,CONCRETE EQUIPMENT,TRK-MIXER,h,OPERATION TIME (h),10122,0.0
2024-05-17,PRD000000000010069740,USA,4553,Shop - 56th Street Shop,PETERBILT,Mixer Truck,CONCRETE EQUIPMENT,TRK-MIXER,h,OPERATION TIME (h),12022,54.0
2024-01-12,PRD000000000010069740,USA,4553,Shop - 56th Street Shop,PETERBILT,Mixer Truck,CONCRETE EQUIPMENT,TRK-MIXER,h,OPERATION TIME (h),11125,26.0
2024-03-29,PRD000000000010069740,USA,4553,Shop - 56th Street Shop,PETERBILT,Mixer Truck,CONCRETE EQUIPMENT,TRK-MIXER,h,OPERATION TIME (h),11638,3.0
2024-01-26,PRD000000000010069740,USA,4553,Shop - 56th Street Shop,PETERBILT,Mixer Truck,CONCRETE EQUIPMENT,TRK-MIXER,h,OPERATION TIME (h),11236,69.0
2024-06-21,PRD000000000010069740,USA,4553,Shop - 56th Street Shop,PETERBILT,Mixer Truck,CONCRETE EQUIPMENT,TRK-MIXER,h,OPERATION TIME (h),12184,10.0
2023-08-18,PRD000000000010069740,USA,4553,Shop - 56th Street Shop,PETERBILT,Mixer Truck,CONCRETE EQUIPMENT,TRK-MIXER,h,OPERATION TIME (h),10213,91.0
2024-03-08,PRD000000000010069740,USA,4553,Shop - 56th Street Shop,PETERBILT,Mixer Truck,CONCRETE EQUIPMENT,TRK-MIXER,h,OPERATION TIME (h),11551,56.0
2023-09-25,PRD000000000010069740,USA,4553,Shop - 56th Street Shop,PETERBILT,Mixer Truck,CONCRETE EQUIPMENT,TRK-MIXER,h,OPERATION TIME (h),10490,34.0
2023-06-30,PRD000000000010069740,USA,4553,Shop - 56th Street Shop,PETERBILT,Mixer Truck,CONCRETE EQUIPMENT,TRK-MIXER,h,OPERATION TIME (h),9987,51.0
2024-01-08,PRD000000000010069740,USA,4553,Shop - 56th Street Shop,PETERBILT,Mixer Truck,CONCRETE EQUIPMENT,TRK-MIXER,h,OPERATION TIME (h),11099,38.0
2023-08-25,PRD000000000010069740,USA,4553,Shop - 56th Street Shop,PETERBILT,Mixer Truck,CONCRETE EQUIPMENT,TRK-MIXER,h,OPERATION TIME (h),10258,45.0
2024-03-15,PRD000000000010069740,USA,4553,Shop - 56th Street Shop,PETERBILT,Mixer Truck,CONCRETE EQUIPMENT,TRK-MIXER,h,OPERATION TIME (h),11610,59.0
2024-04-19,PRD000000000010069740,USA,4553,Shop - 56th Street Shop,PETERBILT,Mixer Truck,CONCRETE EQUIPMENT,TRK-MIXER,h,OPERATION TIME (h),11796,43.0
2024-02-02,PRD000000000010069740,USA,4553,Shop - 56th Street Shop,PETERBILT,Mixer Truck,CONCRETE EQUIPMENT,TRK-MIXER,h,OPERATION TIME (h),11277,41.0
2024-04-05,PRD000000000010069740,USA,4553,Shop - 56th Street Shop,PETERBILT,Mixer Truck,CONCRETE EQUIPMENT,TRK-MIXER,h,OPERATION TIME (h),11695,57.0
2023-07-14,PRD000000000010069740,USA,4553,Shop - 56th Street Shop,PETERBILT,Mixer Truck,CONCRETE EQUIPMENT,TRK-MIXER,h,OPERATION TIME (h),10054,46.0
2024-03-22,PRD000000000010069740,USA,4553,Shop - 56th Street Shop,PETERBILT,Mixer Truck,CONCRETE EQUIPMENT,TRK-MIXER,h,OPERATION TIME (h),11635,0.0
2024-04-12,PRD000000000010069740,USA,4553,Shop - 56th Street Shop,PETERBILT,Mixer Truck,CONCRETE EQUIPMENT,TRK-MIXER,h,OPERATION TIME (h),11753,58.0
2023-12-11,PRD000000000010069740,USA,4553,Shop - 56th Street Shop,PETERBILT,Mixer Truck,CONCRETE EQUIPMENT,TRK-MIXER,h,OPERATION TIME (h),11008,37.0
2023-11-10,PRD000000000010069740,USA,4553,Shop - 56th Street Shop,PETERBILT,Mixer Truck,CONCRETE EQUIPMENT,TRK-MIXER,h,OPERATION TIME (h),10848,43.0
2024-06-17,PRD000000000010069740,USA,4553,Shop - 56th Street Shop,PETERBILT,Mixer Truck,CONCRETE EQUIPMENT,TRK-MIXER,h,OPERATION TIME (h),12155,0.0
2024-02-23,PRD000000000010069740,USA,4553,Shop - 56th Street Shop,PETERBILT,Mixer Truck,CONCRETE EQUIPMENT,TRK-MIXER,h,OPERATION TIME (h),11426,76.0
2023-10-05,PRD000000000010069740,USA,4553,Shop - 56th Street Shop,PETERBILT,Mixer Truck,CONCRETE EQUIPMENT,TRK-MIXER,h,OPERATION TIME (h),10572,55.0
2023-09-15,PRD000000000010069740,USA,4553,Shop - 56th Street Shop,PETERBILT,Mixer Truck,CONCRETE EQUIPMENT,TRK-MIXER,h,OPERATION TIME (h),10417,78.0
2024-06-28,PRD000000000010069740,USA,4553,Shop - 56th Street Shop,PETERBILT,Mixer Truck,CONCRETE EQUIPMENT,TRK-MIXER,h,OPERATION TIME (h),12249,65.0
2024-03-19,PRD000000000010069740,USA,4553,Shop - 56th Street Shop,PETERBILT,Mixer Truck,CONCRETE EQUIPMENT,TRK-MIXER,h,OPERATION TIME (h),11635,25.0
2023-07-21,PRD000000000010069740,USA,4553,Shop - 56th Street Shop,PETERBILT,Mixer Truck,CONCRETE EQUIPMENT,TRK-MIXER,h,OPERATION TIME (h),10122,68.0
2024-04-26,PRD000000000010069740,USA,4553,Shop - 56th Street Shop,PETERBILT,Mixer Truck,CONCRETE EQUIPMENT,TRK-MIXER,h,OPERATION TIME (h),11858,62.0
2023-11-17,PRD000000000010069740,USA,4553,Shop - 56th Street Shop,PETERBILT,Mixer Truck,CONCRETE EQUIPMENT,TRK-MIXER,h,OPERATION TIME (h),10901,53.0
2023-06-23,PRD000000000010069740,USA,4553,Shop - 56th Street Shop,PETERBILT,Mixer Truck,CONCRETE EQUIPMENT,TRK-MIXER,h,OPERATION TIME (h),9936,25.0
2023-09-08,PRD000000000010069740,USA,4553,Shop - 56th Street Shop,PETERBILT,Mixer Truck,CONCRETE EQUIPMENT,TRK-MIXER,h,OPERATION TIME (h),10339,36.0
2023-12-28,PRD000000000010069740,USA,4553,Shop - 56th Street Shop,PETERBILT,Mixer Truck,CONCRETE EQUIPMENT,TRK-MIXER,h,OPERATION TIME (h),11061,0.0
2024-02-09,PRD000000000010069740,USA,4553,Shop - 56th Street Shop,PETERBILT,Mixer Truck,CONCRETE EQUIPMENT,TRK-MIXER,h,OPERATION TIME (h),11333,56.0
2024-06-07,PRD000000000010069740,USA,4553,Shop - 56th Street Shop,PETERBILT,Mixer Truck,CONCRETE EQUIPMENT,TRK-MIXER,h,OPERATION TIME (h),12155,46.0
2024-07-05,PRD000000000010069740,USA,4553,Shop - 56th Street Shop,PETERBILT,Mixer Truck,CONCRETE EQUIPMENT,TRK-MIXER,h,OPERATION TIME (h),12291,42.0
2024-05-03,PRD000000000010069740,USA,4553,Shop - 56th Street Shop,PETERBILT,Mixer Truck,CONCRETE EQUIPMENT,TRK-MIXER,h,OPERATION TIME (h),11912,54.0
2024-03-13,PRD000000000010069740,USA,4553,Shop - 56th Street Shop,PETERBILT,Mixer Truck,CONCRETE EQUIPMENT,TRK-MIXER,yd3,VOL TRANSPORTED-M3,38717,53.5
2024-02-22,PRD000000000010069740,USA,4553,Shop - 56th Street Shop,PETERBILT,Mixer Truck,CONCRETE EQUIPMENT,TRK-MIXER,yd3,VOL TRANSPORTED-M3,38169,22.9
2024-02-02,PRD000000000010069740,USA,4553,Shop - 56th Street Shop,PETERBILT,Mixer Truck,CONCRETE EQUIPMENT,TRK-MIXER,yd3,VOL TRANSPORTED-M3,37706,28.3
2023-11-08,PRD000000000010069740,USA,4553,Shop - 56th Street Shop,PETERBILT,Mixer Truck,CONCRETE EQUIPMENT,TRK-MIXER,yd3,VOL TRANSPORTED-M3,36306,22.9
2023-07-14,PRD000000000010069740,USA,4553,Shop - 56th Street Shop,PETERBILT,Mixer Truck,CONCRETE EQUIPMENT,TRK-MIXER,yd3,VOL TRANSPORTED-M3,34027,19.1
2023-08-12,PRD000000000010069740,USA,4553,Shop - 56th Street Shop,PETERBILT,Mixer Truck,CONCRETE EQUIPMENT,TRK-MIXER,yd3,VOL TRANSPORTED-M3,34325,7.6
2024-05-23,PRD000000000010069740,USA,4553,Shop - 56th Street Shop,PETERBILT,Mixer Truck,CONCRETE EQUIPMENT,TRK-MIXER,yd3,VOL TRANSPORTED-M3,40354,15.3
2023-08-24,PRD000000000010069740,USA,4553,Shop - 56th Street Shop,PETERBILT,Mixer Truck,CONCRETE EQUIPMENT,TRK-MIXER,yd3,VOL TRANSPORTED-M3,34543,22.9
2024-01-22,PRD000000000010069740,USA,4553,Shop - 56th Street Shop,PETERBILT,Mixer Truck,CONCRETE EQUIPMENT,TRK-MIXER,yd3,VOL TRANSPORTED-M3,37313,27.5
2024-03-05,PRD000000000010069740,USA,4553,Shop - 56th Street Shop,PETERBILT,Mixer Truck,CONCRETE EQUIPMENT,TRK-MIXER,yd3,VOL TRANSPORTED-M3,38488,15.3
2024-06-20,PRD000000000010069740,USA,4553,Shop - 56th Street Shop,PETERBILT,Mixer Truck,CONCRETE EQUIPMENT,TRK-MIXER,yd3,VOL TRANSPORTED-M3,40758,53.5
2023-11-06,PRD000000000010069740,USA,4553,Shop - 56th Street Shop,PETERBILT,Mixer Truck,CONCRETE EQUIPMENT,TRK-MIXER,yd3,VOL TRANSPORTED-M3,36283,34.4
2024-01-15,PRD000000000010069740,USA,4553,Shop - 56th Street Shop,PETERBILT,Mixer Truck,CONCRETE EQUIPMENT,TRK-MIXER,yd3,VOL TRANSPORTED-M3,37097,20.6
2023-09-27,PRD000000000010069740,USA,4553,Shop - 56th Street Shop,PETERBILT,Mixer Truck,CONCRETE EQUIPMENT,TRK-MIXER,yd3,VOL TRANSPORTED-M3,35395,34.4
2023-06-02,PRD000000000010069740,USA,4553,Shop - 56th Street Shop,PETERBILT,Mixer Truck,CONCRETE EQUIPMENT,TRK-MIXER,yd3,VOL TRANSPORTED-M3,33185,38.2
2024-01-18,PRD000000000010069740,USA,4553,Shop - 56th Street Shop,PETERBILT,Mixer Truck,CONCRETE EQUIPMENT,TRK-MIXER,yd3,VOL TRANSPORTED-M3,37180,30.6
2024-04-30,PRD000000000010069740,USA,4553,Shop - 56th Street Shop,PETERBILT,Mixer Truck,CONCRETE EQUIPMENT,TRK-MIXER,yd3,VOL TRANSPORTED-M3,39741,18.3
2023-07-21,PRD000000000010069740,USA,4553,Shop - 56th Street Shop,PETERBILT,Mixer Truck,CONCRETE EQUIPMENT,TRK-MIXER,yd3,VOL TRANSPORTED-M3,34264,64.2
2024-01-17,PRD000000000010069740,USA,4553,Shop - 56th Street Shop,PETERBILT,Mixer Truck,CONCRETE EQUIPMENT,TRK-MIXER,yd3,VOL TRANSPORTED-M3,37149,29.8
2023-08-17,PRD000000000010069740,USA,4553,Shop - 56th Street Shop,PETERBILT,Mixer Truck,CONCRETE EQUIPMENT,TRK-MIXER,yd3,VOL TRANSPORTED-M3,34411,11.5
2024-02-21,PRD000000000010069740,USA,4553,Shop - 56th Street Shop,PETERBILT,Mixer Truck,CONCRETE EQUIPMENT,TRK-MIXER,yd3,VOL TRANSPORTED-M3,38146,38.2
2023-05-08,PRD000000000010069740,USA,4553,Shop - 56th Street Shop,PETERBILT,Mixer Truck,CONCRETE EQUIPMENT,TRK-MIXER,yd3,VOL TRANSPORTED-M3,32675,30.6
2023-10-13,PRD000000000010069740,USA,4553,Shop - 56th Street Shop,PETERBILT,Mixer Truck,CONCRETE EQUIPMENT,TRK-MIXER,yd3,VOL TRANSPORTED-M3,35769,29.8
2023-06-21,PRD000000000010069740,USA,4553,Shop - 56th Street Shop,PETERBILT,Mixer Truck,CONCRETE EQUIPMENT,TRK-MIXER,yd3,VOL TRANSPORTED-M3,33616,44.7
2024-05-03,PRD000000000010069740,USA,4553,Shop - 56th Street Shop,PETERBILT,Mixer Truck,CONCRETE EQUIPMENT,TRK-MIXER,yd3,VOL TRANSPORTED-M3,39810,22.9
2023-08-15,PRD000000000010069740,USA,4553,Shop - 56th Street Shop,PETERBILT,Mixer Truck,CONCRETE EQUIPMENT,TRK-MIXER,yd3,VOL TRANSPORTED-M3,34377,30.6
2023-10-06,PRD000000000010069740,USA,4553,Shop - 56th Street Shop,PETERBILT,Mixer Truck,CONCRETE EQUIPMENT,TRK-MIXER,yd3,VOL TRANSPORTED-M3,35628,22.9
2024-04-04,PRD000000000010069740,USA,4553,Shop - 56th Street Shop,PETERBILT,Mixer Truck,CONCRETE EQUIPMENT,TRK-MIXER,yd3,VOL TRANSPORTED-M3,38986,30.6
2023-05-26,PRD000000000010069740,USA,4553,Shop - 56th Street Shop,PETERBILT,Mixer Truck,CONCRETE EQUIPMENT,TRK-MIXER,yd3,VOL TRANSPORTED-M3,33083,22.9
2024-02-08,PRD000000000010069740,USA,4553,Shop - 56th Street Shop,PETERBILT,Mixer Truck,CONCRETE EQUIPMENT,TRK-MIXER,yd3,VOL TRANSPORTED-M3,37859,45.1
2024-03-11,PRD000000000010069740,USA,4553,Shop - 56th Street Shop,PETERBILT,Mixer Truck,CONCRETE EQUIPMENT,TRK-MIXER,yd3,VOL TRANSPORTED-M3,38610,22.9
2024-01-05,PRD000000000010069740,USA,4553,Shop - 56th Street Shop,PETERBILT,Mixer Truck,CONCRETE EQUIPMENT,TRK-MIXER,yd3,VOL TRANSPORTED-M3,36969,53.5
2023-12-04,PRD000000000010069740,USA,4553,Shop - 56th Street Shop,PETERBILT,Mixer Truck,CONCRETE EQUIPMENT,TRK-MIXER,yd3,VOL TRANSPORTED-M3,36650,28.3
2024-06-10,PRD000000000010069740,USA,4553,Shop - 56th Street Shop,PETERBILT,Mixer Truck,CONCRETE EQUIPMENT,TRK-MIXER,yd3,VOL TRANSPORTED-M3,40545,7.6
2024-07-01,PRD000000000010069740,USA,4553,Shop - 56th Street Shop,PETERBILT,Mixer Truck,CONCRETE EQUIPMENT,TRK-MIXER,yd3,VOL TRANSPORTED-M3,41059,15.3
2024-02-13,PRD000000000010069740,USA,4553,Shop - 56th Street Shop,PETERBILT,Mixer Truck,CONCRETE EQUIPMENT,TRK-MIXER,yd3,VOL TRANSPORTED-M3,37954,43.6
2024-02-06,PRD000000000010069740,USA,4553,Shop - 56th Street Shop,PETERBILT,Mixer Truck,CONCRETE EQUIPMENT,TRK-MIXER,yd3,VOL TRANSPORTED-M3,37768,25.2
2024-06-18,PRD000000000010069740,USA,4553,Shop - 56th Street Shop,PETERBILT,Mixer Truck,CONCRETE EQUIPMENT,TRK-MIXER,yd3,VOL TRANSPORTED-M3,40651,35.2
2023-08-14,PRD000000000010069740,USA,4553,Shop - 56th Street Shop,PETERBILT,Mixer Truck,CONCRETE EQUIPMENT,TRK-MIXER,yd3,VOL TRANSPORTED-M3,34346,21.4
2024-06-07,PRD000000000010069740,USA,4553,Shop - 56th Street Shop,PETERBILT,Mixer Truck,CONCRETE EQUIPMENT,TRK-MIXER,yd3,VOL TRANSPORTED-M3,40538,22.9
2023-09-11,PRD000000000010069740,USA,4553,Shop - 56th Street Shop,PETERBILT,Mixer Truck,CONCRETE EQUIPMENT,TRK-MIXER,yd3,VOL TRANSPORTED-M3,34958,68.8
2023-10-03,PRD000000000010069740,USA,4553,Shop - 56th Street Shop,PETERBILT,Mixer Truck,CONCRETE EQUIPMENT,TRK-MIXER,yd3,VOL TRANSPORTED-M3,35531,15.3
2023-05-31,PRD000000000010069740,USA,4553,Shop - 56th Street Shop,PETERBILT,Mixer Truck,CONCRETE EQUIPMENT,TRK-MIXER,yd3,VOL TRANSPORTED-M3,33142,29.1
2024-01-24,PRD000000000010069740,USA,4553,Shop - 56th Street Shop,PETERBILT,Mixer Truck,CONCRETE EQUIPMENT,TRK-MIXER,yd3,VOL TRANSPORTED-M3,37457,53.5
2024-01-23,PRD000000000010069740,USA,4553,Shop - 56th Street Shop,PETERBILT,Mixer Truck,CONCRETE EQUIPMENT,TRK-MIXER,yd3,VOL TRANSPORTED-M3,37404,91.0
2023-12-11,PRD000000000010069740,USA,4553,Shop - 56th Street Shop,PETERBILT,Mixer Truck,CONCRETE EQUIPMENT,TRK-MIXER,yd3,VOL TRANSPORTED-M3,36795,29.1
2023-11-01,PRD000000000010069740,USA,4553,Shop - 56th Street Shop,PETERBILT,Mixer Truck,CONCRETE EQUIPMENT,TRK-MIXER,gal,CONSUMED FUEL (l),41693,57.2
2023-09-01,PRD000000000010069740,USA,4553,Shop - 56th Street Shop,PETERBILT,Mixer Truck,CONCRETE EQUIPMENT,TRK-MIXER,gal,CONSUMED FUEL (l),36615,65.9
2023-10-05,PRD000000000010069740,USA,4553,Shop - 56th Street Shop,PETERBILT,Mixer Truck,CONCRETE EQUIPMENT,TRK-MIXER,gal,CONSUMED FUEL (l),39272,51.1
2024-06-27,PRD000000000010069740,USA,4553,Shop - 56th Street Shop,PETERBILT,Mixer Truck,CONCRETE EQUIPMENT,TRK-MIXER,gal,CONSUMED FUEL (l),58634,103.4
2023-09-07,PRD000000000010069740,USA,4553,Shop - 56th Street Shop,PETERBILT,Mixer Truck,CONCRETE EQUIPMENT,TRK-MIXER,gal,CONSUMED FUEL (l),36920,61.8
2023-09-22,PRD000000000010069740,USA,4553,Shop - 56th Street Shop,PETERBILT,Mixer Truck,CONCRETE EQUIPMENT,TRK-MIXER,gal,CONSUMED FUEL (l),38002,45.1
2023-09-13,PRD000000000010069740,USA,4553,Shop - 56th Street Shop,PETERBILT,Mixer Truck,CONCRETE EQUIPMENT,TRK-MIXER,gal,CONSUMED FUEL (l),37467,37.9
2023-08-29,PRD000000000010069740,USA,4553,Shop - 56th Street Shop,PETERBILT,Mixer Truck,CONCRETE EQUIPMENT,TRK-MIXER,gal,CONSUMED FUEL (l),36469,72.7
2023-06-10,PRD000000000010069740,USA,4553,Shop - 56th Street Shop,PETERBILT,Mixer Truck,CONCRETE EQUIPMENT,TRK-MIXER,gal,CONSUMED FUEL (l),32098,116.3
2023-10-26,PRD000000000010069740,USA,4553,Shop - 56th Street Shop,PETERBILT,Mixer Truck,CONCRETE EQUIPMENT,TRK-MIXER,gal,CONSUMED FUEL (l),41298,59.1
2023-05-12,PRD000000000010069740,USA,4553,Shop - 56th Street Shop,PETERBILT,Mixer Truck,CONCRETE EQUIPMENT,TRK-MIXER,gal,CONSUMED FUEL (l),31211,45.8
2023-07-07,PRD000000000010069740,USA,4553,Shop - 56th Street Shop,PETERBILT,Mixer Truck,CONCRETE EQUIPMENT,TRK-MIXER,gal,CONSUMED FUEL (l),33465,82.2
2023-08-25,PRD000000000010069740,USA,4553,Shop - 56th Street Shop,PETERBILT,Mixer Truck,CONCRETE EQUIPMENT,TRK-MIXER,gal,CONSUMED FUEL (l),36119,50.0
2023-07-13,PRD000000000010069740,USA,4553,Shop - 56th Street Shop,PETERBILT,Mixer Truck,CONCRETE EQUIPMENT,TRK-MIXER,gal,CONSUMED FUEL (l),33873,96.6
2023-08-23,PRD000000000010069740,USA,4553,Shop - 56th Street Shop,PETERBILT,Mixer Truck,CONCRETE EQUIPMENT,TRK-MIXER,gal,CONSUMED FUEL (l),35794,57.6
2023-06-09,PRD000000000010069740,USA,4553,Shop - 56th Street Shop,PETERBILT,Mixer Truck,CONCRETE EQUIPMENT,TRK-MIXER,gal,CONSUMED FUEL (l),31981,111.8
2023-07-12,PRD000000000010069740,USA,4553,Shop - 56th Street Shop,PETERBILT,Mixer Truck,CONCRETE EQUIPMENT,TRK-MIXER,gal,CONSUMED FUEL (l),33711,79.2
2024-06-19,PRD000000000010069740,USA,4553,Shop - 56th Street Shop,PETERBILT,Mixer Truck,CONCRETE EQUIPMENT,TRK-MIXER,gal,CONSUMED FUEL (l),57868,91.3
2023-10-25,PRD000000000010069740,USA,4553,Shop - 56th Street Shop,PETERBILT,Mixer Truck,CONCRETE EQUIPMENT,TRK-MIXER,gal,CONSUMED FUEL (l),41239,96.6
2024-05-30,PRD000000000010069740,USA,4553,Shop - 56th Street Shop,PETERBILT,Mixer Truck,CONCRETE EQUIPMENT,TRK-MIXER,gal,CONSUMED FUEL (l),56898,112.1
2023-05-08,PRD000000000010069740,USA,4553,Shop - 56th Street Shop,PETERBILT,Mixer Truck,CONCRETE EQUIPMENT,TRK-MIXER,gal,CONSUMED FUEL (l),31005,78.0
2023-05-16,PRD000000000010069740,USA,4553,Shop - 56th Street Shop,PETERBILT,Mixer Truck,CONCRETE EQUIPMENT,TRK-MIXER,gal,CONSUMED FUEL (l),31421,96.6
2023-09-12,PRD000000000010069740,USA,4553,Shop - 56th Street Shop,PETERBILT,Mixer Truck,CONCRETE EQUIPMENT,TRK-MIXER,gal,CONSUMED FUEL (l),37336,84.5
2024-01-26,PRD000000000010069740,USA,4553,Shop - 56th Street Shop,PETERBILT,Mixer Truck,CONCRETE EQUIPMENT,TRK-MIXER,gal,CONSUMED FUEL (l),46889,70.5
2023-10-13,PRD000000000010069740,USA,4553,Shop - 56th Street Shop,PETERBILT,Mixer Truck,CONCRETE EQUIPMENT,TRK-MIXER,gal,CONSUMED FUEL (l),40110,92.4
2023-09-30,PRD000000000010069740,USA,4553,Shop - 56th Street Shop,PETERBILT,Mixer Truck,CONCRETE EQUIPMENT,TRK-MIXER,gal,CONSUMED FUEL (l),38783,115.9
2023-11-06,PRD000000000010069740,USA,4553,Shop - 56th Street Shop,PETERBILT,Mixer Truck,CONCRETE EQUIPMENT,TRK-MIXER,gal,CONSUMED FUEL (l),42123,97.4
2023-11-02,PRD000000000010069740,USA,4553,Shop - 56th Street Shop,PETERBILT,Mixer Truck,CONCRETE EQUIPMENT,TRK-MIXER,gal,CONSUMED FUEL (l),41868,76.9
2024-03-12,PRD000000000010069740,USA,4553,Shop - 56th Street Shop,PETERBILT,Mixer Truck,CONCRETE EQUIPMENT,TRK-MIXER,gal,CONSUMED FUEL (l),50677,92.1
2023-08-12,PRD000000000010069740,USA,4553,Shop - 56th Street Shop,PETERBILT,Mixer Truck,CONCRETE EQUIPMENT,TRK-MIXER,gal,CONSUMED FUEL (l),34928,64.4
2023-09-28,PRD000000000010069740,USA,4553,Shop - 56th Street Shop,PETERBILT,Mixer Truck,CONCRETE EQUIPMENT,TRK-MIXER,gal,CONSUMED FUEL (l),38410,54.6
2023-10-14,PRD000000000010069740,USA,4553,Shop - 56th Street Shop,PETERBILT,Mixer Truck,CONCRETE EQUIPMENT,TRK-MIXER,gal,CONSUMED FUEL (l),40248,51.9
2023-10-06,PRD000000000010069740,USA,4553,Shop - 56th Street Shop,PETERBILT,Mixer Truck,CONCRETE EQUIPMENT,TRK-MIXER,gal,CONSUMED FUEL (l),39431,95.5
2024-05-06,PRD000000000010069740,USA,4553,Shop - 56th Street Shop,PETERBILT,Mixer Truck,CONCRETE EQUIPMENT,TRK-MIXER,gal,CONSUMED FUEL (l),54853,62.5
2024-04-26,PRD000000000010069740,USA,4553,Shop - 56th Street Shop,PETERBILT,Mixer Truck,CONCRETE EQUIPMENT,TRK-MIXER,gal,CONSUMED FUEL (l),53885,68.2
2023-05-09,PRD000000000010069740,USA,4553,Shop - 56th Street Shop,PETERBILT,Mixer Truck,CONCRETE EQUIPMENT,TRK-MIXER,gal,CONSUMED FUEL (l),31165,64.4
2023-11-08,PRD000000000010069740,USA,4553,Shop - 56th Street Shop,PETERBILT,Mixer Truck,CONCRETE EQUIPMENT,TRK-MIXER,gal,CONSUMED FUEL (l),42284,81.1
2023-09-15,PRD000000000010069740,USA,4553,Shop - 56th Street Shop,PETERBILT,Mixer Truck,CONCRETE EQUIPMENT,TRK-MIXER,gal,CONSUMED FUEL (l),37704,64.4
2023-11-09,PRD000000000010069740,USA,4553,Shop - 56th Street Shop,PETERBILT,Mixer Truck,CONCRETE EQUIPMENT,TRK-MIXER,gal,CONSUMED FUEL (l),42498,128.8
2023-10-21,PRD000000000010069740,USA,4553,Shop - 56th Street Shop,PETERBILT,Mixer Truck,CONCRETE EQUIPMENT,TRK-MIXER,gal,CONSUMED FUEL (l),40936,61.0
2023-07-05,PRD000000000010069740,USA,4553,Shop - 56th Street Shop,PETERBILT,Mixer Truck,CONCRETE EQUIPMENT,TRK-MIXER,gal,CONSUMED FUEL (l),33383,71.2
2023-11-10,PRD000000000010069740,USA,4553,Shop - 56th Street Shop,PETERBILT,Mixer Truck,CONCRETE EQUIPMENT,TRK-MIXER,gal,CONSUMED FUEL (l),42609,110.6
2024-01-05,PRD000000000010069740,USA,4553,Shop - 56th Street Shop,PETERBILT,Mixer Truck,CONCRETE EQUIPMENT,TRK-MIXER,gal,CONSUMED FUEL (l),44950,133.7
2024-02-19,PRD000000000010069740,USA,4553,Shop - 56th Street Shop,PETERBILT,Mixer Truck,CONCRETE EQUIPMENT,TRK-MIXER,gal,CONSUMED FUEL (l),48851,84.9
2024-05-02,PRD000000000010069740,USA,4553,Shop - 56th Street Shop,PETERBILT,Mixer Truck,CONCRETE EQUIPMENT,TRK-MIXER,gal,CONSUMED FUEL (l),54484,120.1
2023-09-09,PRD000000000010069740,USA,4553,Shop - 56th Street Shop,PETERBILT,Mixer Truck,CONCRETE EQUIPMENT,TRK-MIXER,gal,CONSUMED FUEL (l),37088,30.7
2023-10-04,PRD000000000010069740,USA,4553,Shop - 56th Street Shop,PETERBILT,Mixer Truck,CONCRETE EQUIPMENT,TRK-MIXER,gal,CONSUMED FUEL (l),39138,92.1
2023-10-07,PRD000000000010069740,USA,4553,Shop - 56th Street Shop,PETERBILT,Mixer Truck,CONCRETE EQUIPMENT,TRK-MIXER,gal,CONSUMED FUEL (l),39579,77.3
2024-05-01,PRD000000000010069740,USA,4553,Shop - 56th Street Shop,PETERBILT,Mixer Truck,CONCRETE EQUIPMENT,TRK-MIXER,gal,CONSUMED FUEL (l),54364,64.0
2024-05-21,PRD000000000010069740,USA,4553,Shop - 56th Street Shop,PETERBILT,Mixer Truck,CONCRETE EQUIPMENT,TRK-MIXER,gal,CONSUMED FUEL (l),56168,114.4
2023-10-02,PRD000000000010069740,USA,4553,Shop - 56th Street Shop,PETERBILT,Mixer Truck,CONCRETE EQUIPMENT,TRK-MIXER,gal,CONSUMED FUEL (l),38896,112.9
2023-08-22,PRD000000000010069740,USA,4553,Shop - 56th Street Shop,PETERBILT,Mixer Truck,CONCRETE EQUIPMENT,TRK-MIXER,gal,CONSUMED FUEL (l),35644,30.7
2023-06-29,PRD000000000010069740,USA,4553,Shop - 56th Street Shop,PETERBILT,Mixer Truck,CONCRETE EQUIPMENT,TRK-MIXER,gal,CONSUMED FUEL (l),33311,43.6
2024-02-13,PRD000000000010069740,USA,4553,Shop - 56th Street Shop,PETERBILT,Mixer Truck,CONCRETE EQUIPMENT,TRK-MIXER,gal,CONSUMED FUEL (l),48381,110.6
2023-06-12,PRD000000000010069740,USA,4553,Shop - 56th Street Shop,PETERBILT,Mixer Truck,CONCRETE EQUIPMENT,TRK-MIXER,gal,CONSUMED FUEL (l),32159,61.0
2024-02-22,PRD000000000010069740,USA,4553,Shop - 56th Street Shop,PETERBILT,Mixer Truck,CONCRETE EQUIPMENT,TRK-MIXER,gal,CONSUMED FUEL (l),49243,119.0
2023-10-11,PRD000000000010069740,USA,4553,Shop - 56th Street Shop,PETERBILT,Mixer Truck,CONCRETE EQUIPMENT,TRK-MIXER,gal,CONSUMED FUEL (l),39937,68.6
2023-07-11,PRD000000000010069740,USA,4553,Shop - 56th Street Shop,PETERBILT,Mixer Truck,CONCRETE EQUIPMENT,TRK-MIXER,gal,CONSUMED FUEL (l),33632,49.6
2024-05-13,PRD000000000010069740,USA,4553,Shop - 56th Street Shop,PETERBILT,Mixer Truck,CONCRETE EQUIPMENT,TRK-MIXER,gal,CONSUMED FUEL (l),55343,137.5
2023-10-27,PRD000000000010069740,USA,4553,Shop - 56th Street Shop,PETERBILT,Mixer Truck,CONCRETE EQUIPMENT,TRK-MIXER,gal,CONSUMED FUEL (l),41502,73.5
2024-02-09,PRD000000000010069740,USA,4553,Shop - 56th Street Shop,PETERBILT,Mixer Truck,CONCRETE EQUIPMENT,TRK-MIXER,gal,CONSUMED FUEL (l),48072,100.0
2024-07-02,PRD000000000010069740,USA,4553,Shop - 56th Street Shop,PETERBILT,Mixer Truck,CONCRETE EQUIPMENT,TRK-MIXER,gal,CONSUMED FUEL (l),59046,147.0
2023-10-09,PRD000000000010069740,USA,4553,Shop - 56th Street Shop,PETERBILT,Mixer Truck,CONCRETE EQUIPMENT,TRK-MIXER,gal,CONSUMED FUEL (l),39637,58.3
2024-04-02,PRD000000000010069740,USA,4553,Shop - 56th Street Shop,PETERBILT,Mixer Truck,CONCRETE EQUIPMENT,TRK-MIXER,gal,CONSUMED FUEL (l),51831,97.8
2024-03-28,PRD000000000010069740,USA,4553,Shop - 56th Street Shop,PETERBILT,Mixer Truck,CONCRETE EQUIPMENT,TRK-MIXER,gal,CONSUMED FUEL (l),51319,54.2
2024-01-22,PRD000000000010069740,USA,4553,Shop - 56th Street Shop,PETERBILT,Mixer Truck,CONCRETE EQUIPMENT,TRK-MIXER,gal,CONSUMED FUEL (l),46335,83.7
2023-12-13,PRD000000000010069740,USA,4553,Shop - 56th Street Shop,PETERBILT,Mixer Truck,CONCRETE EQUIPMENT,TRK-MIXER,gal,CONSUMED FUEL (l),44653,58.7
2023-07-25,PRD000000000010069740,USA,4553,Shop - 56th Street Shop,PETERBILT,Mixer Truck,CONCRETE EQUIPMENT,TRK-MIXER,gal,CONSUMED FUEL (l),34864,95.9
2024-07-01,PRD000000000010069740,USA,4553,Shop - 56th Street Shop,PETERBILT,Mixer Truck,CONCRETE EQUIPMENT,TRK-MIXER,gal,CONSUMED FUEL (l),58899,95.9
2023-10-23,PRD000000000010069740,USA,4553,Shop - 56th Street Shop,PETERBILT,Mixer Truck,CONCRETE EQUIPMENT,TRK-MIXER,gal,CONSUMED FUEL (l),41002,65.9
2024-06-26,PRD000000000010069740,USA,4553,Shop - 56th Street Shop,PETERBILT,Mixer Truck,CONCRETE EQUIPMENT,TRK-MIXER,gal,CONSUMED FUEL (l),58531,87.9
2024-05-29,PRD000000000010069740,USA,4553,Shop - 56th Street Shop,PETERBILT,Mixer Truck,CONCRETE EQUIPMENT,TRK-MIXER,gal,CONSUMED FUEL (l),56786,130.3
2023-12-11,PRD000000000010069740,USA,4553,Shop - 56th Street Shop,PETERBILT,Mixer Truck,CONCRETE EQUIPMENT,TRK-MIXER,gal,CONSUMED FUEL (l),44348,84.9
2023-10-28,PRD000000000010069740,USA,4553,Shop - 56th Street Shop,PETERBILT,Mixer Truck,CONCRETE EQUIPMENT,TRK-MIXER,gal,CONSUMED FUEL (l),41636,71.2
2023-10-26,PRD000000000010069740,USA,4553,Shop - 56th Street Shop,PETERBILT,Mixer Truck,CONCRETE EQUIPMENT,TRK-MIXER,gal,CONSUMED FUEL (l),41360,61.8
2024-04-22,PRD000000000010069740,USA,4553,Shop - 56th Street Shop,PETERBILT,Mixer Truck,CONCRETE EQUIPMENT,TRK-MIXER,gal,CONSUMED FUEL (l),53290,84.5
2024-06-14,PRD000000000010069740,USA,4553,Shop - 56th Street Shop,PETERBILT,Mixer Truck,CONCRETE EQUIPMENT,TRK-MIXER,gal,CONSUMED FUEL (l),57586,101.9
2023-12-06,PRD000000000010069740,USA,4553,Shop - 56th Street Shop,PETERBILT,Mixer Truck,CONCRETE EQUIPMENT,TRK-MIXER,gal,CONSUMED FUEL (l),44030,78.4
2023-11-20,PRD000000000010069740,USA,4553,Shop - 56th Street Shop,PETERBILT,Mixer Truck,CONCRETE EQUIPMENT,TRK-MIXER,gal,CONSUMED FUEL (l),43160,115.2
2023-09-07,PRD000000000010069740,USA,4553,Shop - 56th Street Shop,PETERBILT,Mixer Truck,CONCRETE EQUIPMENT,TRK-MIXER,gal,CONSUMED FUEL (l),36990,70.1
2023-10-18,PRD000000000010069740,USA,4553,Shop - 56th Street Shop,PETERBILT,Mixer Truck,CONCRETE EQUIPMENT,TRK-MIXER,gal,CONSUMED FUEL (l),40723,78.0
2023-08-21,PRD000000000010069740,USA,4553,Shop - 56th Street Shop,PETERBILT,Mixer Truck,CONCRETE EQUIPMENT,TRK-MIXER,gal,CONSUMED FUEL (l),35545,58.7
2024-05-18,PRD000000000010069740,USA,4553,Shop - 56th Street Shop,PETERBILT,Mixer Truck,CONCRETE EQUIPMENT,TRK-MIXER,gal,CONSUMED FUEL (l),55947,129.2
2024-04-24,PRD000000000010069740,USA,4553,Shop - 56th Street Shop,PETERBILT,Mixer Truck,CONCRETE EQUIPMENT,TRK-MIXER,gal,CONSUMED FUEL (l),53652,113.7
2024-06-27,PRD000000000010069740,USA,4553,Shop - 56th Street Shop,PETERBILT,Mixer Truck,CONCRETE EQUIPMENT,TRK-MIXER,gal,CONSUMED FUEL (l),58724,90.2
2024-06-18,PRD000000000010069740,USA,4553,Shop - 56th Street Shop,PETERBILT,Mixer Truck,CONCRETE EQUIPMENT,TRK-MIXER,gal,CONSUMED FUEL (l),57777,93.6
2023-05-15,PRD000000000010069740,USA,4553,Shop - 56th Street Shop,PETERBILT,Mixer Truck,CONCRETE EQUIPMENT,TRK-MIXER,gal,CONSUMED FUEL (l),31325,112.9
2023-10-10,PRD000000000010069740,USA,4553,Shop - 56th Street Shop,PETERBILT,Mixer Truck,CONCRETE EQUIPMENT,TRK-MIXER,gal,CONSUMED FUEL (l),39815,74.3
2023-09-22,PRD000000000010069740,USA,4553,Shop - 56th Street Shop,PETERBILT,Mixer Truck,CONCRETE EQUIPMENT,TRK-MIXER,gal,CONSUMED FUEL (l),38083,81.5
2024-06-06,PRD000000000010069740,USA,4553,Shop - 56th Street Shop,PETERBILT,Mixer Truck,CONCRETE EQUIPMENT,TRK-MIXER,gal,CONSUMED FUEL (l),57083,72.0
2024-02-06,PRD000000000010069740,USA,4553,Shop - 56th Street Shop,PETERBILT,Mixer Truck,CONCRETE EQUIPMENT,TRK-MIXER,gal,CONSUMED FUEL (l),47704,84.9
2024-02-29,PRD000000000010069740,USA,4553,Shop - 56th Street Shop,PETERBILT,Mixer Truck,CONCRETE EQUIPMENT,TRK-MIXER,gal,CONSUMED FUEL (l),49814,128.8
2023-06-07,PRD000000000010069740,USA,4553,Shop - 56th Street Shop,PETERBILT,Mixer Truck,CONCRETE EQUIPMENT,TRK-MIXER,gal,CONSUMED FUEL (l),31869,63.3
2024-03-11,PRD000000000010069740,USA,4553,Shop - 56th Street Shop,PETERBILT,Mixer Truck,CONCRETE EQUIPMENT,TRK-MIXER,gal,CONSUMED FUEL (l),50585,50.4
2023-11-03,PRD000000000010069740,USA,4553,Shop - 56th Street Shop,PETERBILT,Mixer Truck,CONCRETE EQUIPMENT,TRK-MIXER,gal,CONSUMED FUEL (l),42026,66.7
2024-01-20,PRD000000000010069740,USA,4553,Shop - 56th Street Shop,PETERBILT,Mixer Truck,CONCRETE EQUIPMENT,TRK-MIXER,gal,CONSUMED FUEL (l),46251,76.9
2023-10-16,PRD000000000010069740,USA,4553,Shop - 56th Street Shop,PETERBILT,Mixer Truck,CONCRETE EQUIPMENT,TRK-MIXER,gal,CONSUMED FUEL (l),40335,87.1
2023-09-11,PRD000000000010069740,USA,4553,Shop - 56th Street Shop,PETERBILT,Mixer Truck,CONCRETE EQUIPMENT,TRK-MIXER,gal,CONSUMED FUEL (l),37252,86.8
2023-07-12,PRD000000000010069740,USA,4553,Shop - 56th Street Shop,PETERBILT,Mixer Truck,CONCRETE EQUIPMENT,TRK-MIXER,gal,CONSUMED FUEL (l),33777,65.9
2024-04-04,PRD000000000010069740,USA,4553,Shop - 56th Street Shop,PETERBILT,Mixer Truck,CONCRETE EQUIPMENT,TRK-MIXER,gal,CONSUMED FUEL (l),52071,76.5
2023-09-29,PRD000000000010069740,USA,4553,Shop - 56th Street Shop,PETERBILT,Mixer Truck,CONCRETE EQUIPMENT,TRK-MIXER,gal,CONSUMED FUEL (l),38667,82.6
2023-09-06,PRD000000000010069740,USA,4553,Shop - 56th Street Shop,PETERBILT,Mixer Truck,CONCRETE EQUIPMENT,TRK-MIXER,gal,CONSUMED FUEL (l),36858,84.1
2024-03-15,PRD000000000010069740,USA,4553,Shop - 56th Street Shop,PETERBILT,Mixer Truck,CONCRETE EQUIPMENT,TRK-MIXER,gal,CONSUMED FUEL (l),51007,85.6
2023-07-15,PRD000000000010069740,USA,4553,Shop - 56th Street Shop,PETERBILT,Mixer Truck,CONCRETE EQUIPMENT,TRK-MIXER,gal,CONSUMED FUEL (l),34091,119.0
2024-02-28,PRD000000000010069740,USA,4553,Shop - 56th Street Shop,PETERBILT,Mixer Truck,CONCRETE EQUIPMENT,TRK-MIXER,gal,CONSUMED FUEL (l),49685,104.6
2024-02-27,PRD000000000010069740,USA,4553,Shop - 56th Street Shop,PETERBILT,Mixer Truck,CONCRETE EQUIPMENT,TRK-MIXER,gal,CONSUMED FUEL (l),49580,122.8
2023-10-20,PRD000000000010069740,USA,4553,Shop - 56th Street Shop,PETERBILT,Mixer Truck,CONCRETE EQUIPMENT,TRK-MIXER,gal,CONSUMED FUEL (l),40875,82.2
2023-06-27,PRD000000000010069740,USA,4553,Shop - 56th Street Shop,PETERBILT,Mixer Truck,CONCRETE EQUIPMENT,TRK-MIXER,gal,CONSUMED FUEL (l),33204,105.7
2023-10-06,PRD000000000010069740,USA,4553,Shop - 56th Street Shop,PETERBILT,Mixer Truck,CONCRETE EQUIPMENT,TRK-MIXER,gal,CONSUMED FUEL (l),39502,70.1
2023-06-23,PRD000000000010069740,USA,4553,Shop - 56th Street Shop,PETERBILT,Mixer Truck,CONCRETE EQUIPMENT,TRK-MIXER,gal,CONSUMED FUEL (l),32966,68.6
2024-01-17,PRD000000000010069740,USA,4553,Shop - 56th Street Shop,PETERBILT,Mixer Truck,CONCRETE EQUIPMENT,TRK-MIXER,gal,CONSUMED FUEL (l),45835,103.1
2024-02-01,PRD000000000010069740,USA,4553,Shop - 56th Street Shop,PETERBILT,Mixer Truck,CONCRETE EQUIPMENT,TRK-MIXER,gal,CONSUMED FUEL (l),47364,85.2
2024-03-01,PRD000000000010069740,USA,4553,Shop - 56th Street Shop,PETERBILT,Mixer Truck,CONCRETE EQUIPMENT,TRK-MIXER,gal,CONSUMED FUEL (l),49983,91.3
2023-06-05,PRD000000000010069740,USA,4553,Shop - 56th Street Shop,PETERBILT,Mixer Truck,CONCRETE EQUIPMENT,TRK-MIXER,gal,CONSUMED FUEL (l),31667,108.0
2023-08-14,PRD000000000010069740,USA,4553,Shop - 56th Street Shop,PETERBILT,Mixer Truck,CONCRETE EQUIPMENT,TRK-MIXER,gal,CONSUMED FUEL (l),34987,58.7
2023-11-06,PRD000000000010069740,USA,4553,Shop - 56th Street Shop,PETERBILT,Mixer Truck,CONCRETE EQUIPMENT,TRK-MIXER,gal,CONSUMED FUEL (l),42203,79.9
2024-04-23,PRD000000000010069740,USA,4553,Shop - 56th Street Shop,PETERBILT,Mixer Truck,CONCRETE EQUIPMENT,TRK-MIXER,gal,CONSUMED FUEL (l),53445,85.6
2023-09-28,PRD000000000010069740,USA,4553,Shop - 56th Street Shop,PETERBILT,Mixer Truck,CONCRETE EQUIPMENT,TRK-MIXER,gal,CONSUMED FUEL (l),38497,86.4
2024-04-09,PRD000000000010069740,USA,4553,Shop - 56th Street Shop,PETERBILT,Mixer Truck,CONCRETE EQUIPMENT,TRK-MIXER,gal,CONSUMED FUEL (l),52450,110.6
2023-08-25,PRD000000000010069740,USA,4553,Shop - 56th Street Shop,PETERBILT,Mixer Truck,CONCRETE EQUIPMENT,TRK-MIXER,gal,CONSUMED FUEL (l),36194,74.6
2024-02-20,PRD000000000010069740,USA,4553,Shop - 56th Street Shop,PETERBILT,Mixer Truck,CONCRETE EQUIPMENT,TRK-MIXER,gal,CONSUMED FUEL (l),49036,89.0
2024-04-25,PRD000000000010069740,USA,4553,Shop - 56th Street Shop,PETERBILT,Mixer Truck,CONCRETE EQUIPMENT,TRK-MIXER,gal,CONSUMED FUEL (l),53817,97.8
2024-01-24,PRD000000000010069740,USA,4553,Shop - 56th Street Shop,PETERBILT,Mixer Truck,CONCRETE EQUIPMENT,TRK-MIXER,gal,CONSUMED FUEL (l),46715,68.2
2024-04-13,PRD000000000010069740,USA,4553,Shop - 56th Street Shop,PETERBILT,Mixer Truck,CONCRETE EQUIPMENT,TRK-MIXER,gal,CONSUMED FUEL (l),52793,89.4
2023-11-15,PRD000000000010069740,USA,4553,Shop - 56th Street Shop,PETERBILT,Mixer Truck,CONCRETE EQUIPMENT,TRK-MIXER,gal,CONSUMED FUEL (l),43005,96.2
2024-05-20,PRD000000000010069740,USA,4553,Shop - 56th Street Shop,PETERBILT,Mixer Truck,CONCRETE EQUIPMENT,TRK-MIXER,gal,CONSUMED FUEL (l),56054,106.8
2024-02-15,PRD000000000010069740,USA,4553,Shop - 56th Street Shop,PETERBILT,Mixer Truck,CONCRETE EQUIPMENT,TRK-MIXER,gal,CONSUMED FUEL (l),48620,111.4
2023-11-01,PRD000000000010069740,USA,4553,Shop - 56th Street Shop,PETERBILT,Mixer Truck,CONCRETE EQUIPMENT,TRK-MIXER,gal,CONSUMED FUEL (l),41791,98.1
2023-11-10,PRD000000000010069740,USA,4553,Shop - 56th Street Shop,PETERBILT,Mixer Truck,CONCRETE EQUIPMENT,TRK-MIXER,gal,CONSUMED FUEL (l),42685,76.5
2023-11-28,PRD000000000010069740,USA,4553,Shop - 56th Street Shop,PETERBILT,Mixer Truck,CONCRETE EQUIPMENT,TRK-MIXER,gal,CONSUMED FUEL (l),43652,126.5
2024-07-10,PRD000000000010069740,USA,4553,Shop - 56th Street Shop,PETERBILT,Mixer Truck,CONCRETE EQUIPMENT,TRK-MIXER,gal,CONSUMED FUEL (l),59368,74.3
2023-11-22,PRD000000000010069740,USA,4553,Shop - 56th Street Shop,PETERBILT,Mixer Truck,CONCRETE EQUIPMENT,TRK-MIXER,gal,CONSUMED FUEL (l),43431,79.2
2024-04-05,PRD000000000010069740,USA,4553,Shop - 56th Street Shop,PETERBILT,Mixer Truck,CONCRETE EQUIPMENT,TRK-MIXER,gal,CONSUMED FUEL (l),52257,97.4
2023-06-06,PRD000000000010069740,USA,4553,Shop - 56th Street Shop,PETERBILT,Mixer Truck,CONCRETE EQUIPMENT,TRK-MIXER,gal,CONSUMED FUEL (l),31806,139.4
2023-12-05,PRD000000000010069740,USA,4553,Shop - 56th Street Shop,PETERBILT,Mixer Truck,CONCRETE EQUIPMENT,TRK-MIXER,gal,CONSUMED FUEL (l),43952,45.1
2023-08-28,PRD000000000010069740,USA,4553,Shop - 56th Street Shop,PETERBILT,Mixer Truck,CONCRETE EQUIPMENT,TRK-MIXER,gal,CONSUMED FUEL (l),36397,90.6
2024-01-19,PRD000000000010069740,USA,4553,Shop - 56th Street Shop,PETERBILT,Mixer Truck,CONCRETE EQUIPMENT,TRK-MIXER,gal,CONSUMED FUEL (l),46116,92.1
2024-01-13,PRD000000000010069740,USA,4553,Shop - 56th Street Shop,PETERBILT,Mixer Truck,CONCRETE EQUIPMENT,TRK-MIXER,gal,CONSUMED FUEL (l),45513,61.4
2024-01-23,PRD000000000010069740,USA,4553,Shop - 56th Street Shop,PETERBILT,Mixer Truck,CONCRETE EQUIPMENT,TRK-MIXER,gal,CONSUMED FUEL (l),46543,85.2
2024-01-30,PRD000000000010069740,USA,4553,Shop - 56th Street Shop,PETERBILT,Mixer Truck,CONCRETE EQUIPMENT,TRK-MIXER,gal,CONSUMED FUEL (l),47231,85.6
2023-11-08,PRD000000000010069740,USA,4553,Shop - 56th Street Shop,PETERBILT,Mixer Truck,CONCRETE EQUIPMENT,TRK-MIXER,gal,CONSUMED FUEL (l),42369,84.9
2023-11-14,PRD000000000010069740,USA,4553,Shop - 56th Street Shop,PETERBILT,Mixer Truck,CONCRETE EQUIPMENT,TRK-MIXER,gal,CONSUMED FUEL (l),42872,97.4
2023-05-08,PRD000000000010069740,USA,4553,Shop - 56th Street Shop,PETERBILT,Mixer Truck,CONCRETE EQUIPMENT,TRK-MIXER,gal,CONSUMED FUEL (l),31101,96.2
2024-02-07,PRD000000000010069740,USA,4553,Shop - 56th Street Shop,PETERBILT,Mixer Truck,CONCRETE EQUIPMENT,TRK-MIXER,gal,CONSUMED FUEL (l),47835,130.7
2024-01-18,PRD000000000010069740,USA,4553,Shop - 56th Street Shop,PETERBILT,Mixer Truck,CONCRETE EQUIPMENT,TRK-MIXER,gal,CONSUMED FUEL (l),45988,83.4
2023-08-22,PRD000000000010069740,USA,4553,Shop - 56th Street Shop,PETERBILT,Mixer Truck,CONCRETE EQUIPMENT,TRK-MIXER,gal,CONSUMED FUEL (l),35684,40.5
2024-05-03,PRD000000000010069740,USA,4553,Shop - 56th Street Shop,PETERBILT,Mixer Truck,CONCRETE EQUIPMENT,TRK-MIXER,gal,CONSUMED FUEL (l),54684,95.5
2024-04-29,PRD000000000010069740,USA,4553,Shop - 56th Street Shop,PETERBILT,Mixer Truck,CONCRETE EQUIPMENT,TRK-MIXER,gal,CONSUMED FUEL (l),54110,98.5
2024-06-21,PRD000000000010069740,USA,4553,Shop - 56th Street Shop,PETERBILT,Mixer Truck,CONCRETE EQUIPMENT,TRK-MIXER,gal,CONSUMED FUEL (l),58146,122.4
2023-09-15,PRD000000000010069740,USA,4553,Shop - 56th Street Shop,PETERBILT,Mixer Truck,CONCRETE EQUIPMENT,TRK-MIXER,gal,CONSUMED FUEL (l),37772,67.8
2023-08-11,PRD000000000010069740,USA,4553,Shop - 56th Street Shop,PETERBILT,Mixer Truck,CONCRETE EQUIPMENT,TRK-MIXER,yd3,VOL TRANSPORTED-M3,34317,7.6
2023-07-05,PRD000000000010069740,USA,4553,Shop - 56th Street Shop,PETERBILT,Mixer Truck,CONCRETE EQUIPMENT,TRK-MIXER,yd3,VOL TRANSPORTED-M3,33826,22.9
2024-03-15,PRD000000000010069740,USA,4553,Shop - 56th Street Shop,PETERBILT,Mixer Truck,CONCRETE EQUIPMENT,TRK-MIXER,yd3,VOL TRANSPORTED-M3,38748,30.6
2024-04-29,PRD000000000010069740,USA,4553,Shop - 56th Street Shop,PETERBILT,Mixer Truck,CONCRETE EQUIPMENT,TRK-MIXER,yd3,VOL TRANSPORTED-M3,39722,38.2
2023-12-06,PRD000000000010069740,USA,4553,Shop - 56th Street Shop,PETERBILT,Mixer Truck,CONCRETE EQUIPMENT,TRK-MIXER,yd3,VOL TRANSPORTED-M3,36714,30.6
2024-06-06,PRD000000000010069740,USA,4553,Shop - 56th Street Shop,PETERBILT,Mixer Truck,CONCRETE EQUIPMENT,TRK-MIXER,yd3,VOL TRANSPORTED-M3,40515,38.2
2024-01-11,PRD000000000010069740,USA,4553,Shop - 56th Street Shop,PETERBILT,Mixer Truck,CONCRETE EQUIPMENT,TRK-MIXER,yd3,VOL TRANSPORTED-M3,37060,30.6
2024-04-15,PRD000000000010069740,USA,4553,Shop - 56th Street Shop,PETERBILT,Mixer Truck,CONCRETE EQUIPMENT,TRK-MIXER,yd3,VOL TRANSPORTED-M3,39271,15.3
2024-03-12,PRD000000000010069740,USA,4553,Shop - 56th Street Shop,PETERBILT,Mixer Truck,CONCRETE EQUIPMENT,TRK-MIXER,yd3,VOL TRANSPORTED-M3,38664,53.5
2023-10-28,PRD000000000010069740,USA,4553,Shop - 56th Street Shop,PETERBILT,Mixer Truck,CONCRETE EQUIPMENT,TRK-MIXER,yd3,VOL TRANSPORTED-M3,36146,14.5
2023-07-25,PRD000000000010069740,USA,4553,Shop - 56th Street Shop,PETERBILT,Mixer Truck,CONCRETE EQUIPMENT,TRK-MIXER,yd3,VOL TRANSPORTED-M3,34310,15.3
2024-04-18,PRD000000000010069740,USA,4553,Shop - 56th Street Shop,PETERBILT,Mixer Truck,CONCRETE EQUIPMENT,TRK-MIXER,yd3,VOL TRANSPORTED-M3,39425,57.3
2024-02-15,PRD000000000010069740,USA,4553,Shop - 56th Street Shop,PETERBILT,Mixer Truck,CONCRETE EQUIPMENT,TRK-MIXER,yd3,VOL TRANSPORTED-M3,38019,57.3
2024-04-02,PRD000000000010069740,USA,4553,Shop - 56th Street Shop,PETERBILT,Mixer Truck,CONCRETE EQUIPMENT,TRK-MIXER,yd3,VOL TRANSPORTED-M3,38917,53.5
2024-04-22,PRD000000000010069740,USA,4553,Shop - 56th Street Shop,PETERBILT,Mixer Truck,CONCRETE EQUIPMENT,TRK-MIXER,yd3,VOL TRANSPORTED-M3,39481,32.9
2024-03-16,PRD000000000010069740,USA,4553,Shop - 56th Street Shop,PETERBILT,Mixer Truck,CONCRETE EQUIPMENT,TRK-MIXER,yd3,VOL TRANSPORTED-M3,38771,22.9
2024-05-28,PRD000000000010069740,USA,4553,Shop - 56th Street Shop,PETERBILT,Mixer Truck,CONCRETE EQUIPMENT,TRK-MIXER,yd3,VOL TRANSPORTED-M3,40377,22.9
2023-07-07,PRD000000000010069740,USA,4553,Shop - 56th Street Shop,PETERBILT,Mixer Truck,CONCRETE EQUIPMENT,TRK-MIXER,yd3,VOL TRANSPORTED-M3,33879,38.2
2023-06-10,PRD000000000010069740,USA,4553,Shop - 56th Street Shop,PETERBILT,Mixer Truck,CONCRETE EQUIPMENT,TRK-MIXER,yd3,VOL TRANSPORTED-M3,33427,30.6
2023-06-26,PRD000000000010069740,USA,4553,Shop - 56th Street Shop,PETERBILT,Mixer Truck,CONCRETE EQUIPMENT,TRK-MIXER,yd3,VOL TRANSPORTED-M3,33696,30.6
2023-06-19,PRD000000000010069740,USA,4553,Shop - 56th Street Shop,PETERBILT,Mixer Truck,CONCRETE EQUIPMENT,TRK-MIXER,yd3,VOL TRANSPORTED-M3,33549,15.3
2023-07-12,PRD000000000010069740,USA,4553,Shop - 56th Street Shop,PETERBILT,Mixer Truck,CONCRETE EQUIPMENT,TRK-MIXER,yd3,VOL TRANSPORTED-M3,33948,38.2
2023-07-20,PRD000000000010069740,USA,4553,Shop - 56th Street Shop,PETERBILT,Mixer Truck,CONCRETE EQUIPMENT,TRK-MIXER,yd3,VOL TRANSPORTED-M3,34200,23.3
2023-06-29,PRD000000000010069740,USA,4553,Shop - 56th Street Shop,PETERBILT,Mixer Truck,CONCRETE EQUIPMENT,TRK-MIXER,yd3,VOL TRANSPORTED-M3,33803,38.2
2023-09-28,PRD000000000010069740,USA,4553,Shop - 56th Street Shop,PETERBILT,Mixer Truck,CONCRETE EQUIPMENT,TRK-MIXER,yd3,VOL TRANSPORTED-M3,35425,30.6
2024-06-25,PRD000000000010069740,USA,4553,Shop - 56th Street Shop,PETERBILT,Mixer Truck,CONCRETE EQUIPMENT,TRK-MIXER,yd3,VOL TRANSPORTED-M3,40916,7.6
2024-01-20,PRD000000000010069740,USA,4553,Shop - 56th Street Shop,PETERBILT,Mixer Truck,CONCRETE EQUIPMENT,TRK-MIXER,yd3,VOL TRANSPORTED-M3,37285,30.6
2024-01-30,PRD000000000010069740,USA,4553,Shop - 56th Street Shop,PETERBILT,Mixer Truck,CONCRETE EQUIPMENT,TRK-MIXER,yd3,VOL TRANSPORTED-M3,37602,38.2
2024-04-10,PRD000000000010069740,USA,4553,Shop - 56th Street Shop,PETERBILT,Mixer Truck,CONCRETE EQUIPMENT,TRK-MIXER,yd3,VOL TRANSPORTED-M3,39203,36.7
2024-04-05,PRD000000000010069740,USA,4553,Shop - 56th Street Shop,PETERBILT,Mixer Truck,CONCRETE EQUIPMENT,TRK-MIXER,yd3,VOL TRANSPORTED-M3,39047,61.2
2024-01-12,PRD000000000010069740,USA,4553,Shop - 56th Street Shop,PETERBILT,Mixer Truck,CONCRETE EQUIPMENT,TRK-MIXER,yd3,VOL TRANSPORTED-M3,37061,0.8
2024-06-26,PRD000000000010069740,USA,4553,Shop - 56th Street Shop,PETERBILT,Mixer Truck,CONCRETE EQUIPMENT,TRK-MIXER,yd3,VOL TRANSPORTED-M3,40953,36.7
2024-01-10,PRD000000000010069740,USA,4553,Shop - 56th Street Shop,PETERBILT,Mixer Truck,CONCRETE EQUIPMENT,TRK-MIXER,yd3,VOL TRANSPORTED-M3,37029,22.9
2024-02-28,PRD000000000010069740,USA,4553,Shop - 56th Street Shop,PETERBILT,Mixer Truck,CONCRETE EQUIPMENT,TRK-MIXER,yd3,VOL TRANSPORTED-M3,38332,38.2
2024-06-12,PRD000000000010069740,USA,4553,Shop - 56th Street Shop,PETERBILT,Mixer Truck,CONCRETE EQUIPMENT,TRK-MIXER,yd3,VOL TRANSPORTED-M3,40558,13.0
2024-06-21,PRD000000000010069740,USA,4553,Shop - 56th Street Shop,PETERBILT,Mixer Truck,CONCRETE EQUIPMENT,TRK-MIXER,yd3,VOL TRANSPORTED-M3,40811,53.5
2023-06-22,PRD000000000010069740,USA,4553,Shop - 56th Street Shop,PETERBILT,Mixer Truck,CONCRETE EQUIPMENT,TRK-MIXER,yd3,VOL TRANSPORTED-M3,33643,26.8
2024-02-09,PRD000000000010069740,USA,4553,Shop - 56th Street Shop,PETERBILT,Mixer Truck,CONCRETE EQUIPMENT,TRK-MIXER,yd3,VOL TRANSPORTED-M3,37897,38.2
2023-10-24,PRD000000000010069740,USA,4553,Shop - 56th Street Shop,PETERBILT,Mixer Truck,CONCRETE EQUIPMENT,TRK-MIXER,yd3,VOL TRANSPORTED-M3,36009,28.3
2023-07-10,PRD000000000010069740,USA,4553,Shop - 56th Street Shop,PETERBILT,Mixer Truck,CONCRETE EQUIPMENT,TRK-MIXER,yd3,VOL TRANSPORTED-M3,33894,15.3
2024-03-04,PRD000000000010069740,USA,4553,Shop - 56th Street Shop,PETERBILT,Mixer Truck,CONCRETE EQUIPMENT,TRK-MIXER,yd3,VOL TRANSPORTED-M3,38473,44.7
2023-10-23,PRD000000000010069740,USA,4553,Shop - 56th Street Shop,PETERBILT,Mixer Truck,CONCRETE EQUIPMENT,TRK-MIXER,yd3,VOL TRANSPORTED-M3,35980,22.9
2024-04-01,PRD000000000010069740,USA,4553,Shop - 56th Street Shop,PETERBILT,Mixer Truck,CONCRETE EQUIPMENT,TRK-MIXER,yd3,VOL TRANSPORTED-M3,38864,19.1
2024-03-28,PRD000000000010069740,USA,4553,Shop - 56th Street Shop,PETERBILT,Mixer Truck,CONCRETE EQUIPMENT,TRK-MIXER,yd3,VOL TRANSPORTED-M3,38822,20.6
2024-04-17,PRD000000000010069740,USA,4553,Shop - 56th Street Shop,PETERBILT,Mixer Truck,CONCRETE EQUIPMENT,TRK-MIXER,yd3,VOL TRANSPORTED-M3,39368,38.2
2023-05-17,PRD000000000010069740,USA,4553,Shop - 56th Street Shop,PETERBILT,Mixer Truck,CONCRETE EQUIPMENT,TRK-MIXER,yd3,VOL TRANSPORTED-M3,32926,53.5
2023-06-08,PRD000000000010069740,USA,4553,Shop - 56th Street Shop,PETERBILT,Mixer Truck,CONCRETE EQUIPMENT,TRK-MIXER,yd3,VOL TRANSPORTED-M3,33338,22.9
2024-07-03,PRD000000000010069740,USA,4553,Shop - 56th Street Shop,PETERBILT,Mixer Truck,CONCRETE EQUIPMENT,TRK-MIXER,yd3,VOL TRANSPORTED-M3,41164,45.9
2023-12-12,PRD000000000010069740,USA,4553,Shop - 56th Street Shop,PETERBILT,Mixer Truck,CONCRETE EQUIPMENT,TRK-MIXER,yd3,VOL TRANSPORTED-M3,36824,29.1
2024-04-16,PRD000000000010069740,USA,4553,Shop - 56th Street Shop,PETERBILT,Mixer Truck,CONCRETE EQUIPMENT,TRK-MIXER,yd3,VOL TRANSPORTED-M3,39330,58.1
2024-02-19,PRD000000000010069740,USA,4553,Shop - 56th Street Shop,PETERBILT,Mixer Truck,CONCRETE EQUIPMENT,TRK-MIXER,yd3,VOL TRANSPORTED-M3,38079,30.6
2023-11-09,PRD000000000010069740,USA,4553,Shop - 56th Street Shop,PETERBILT,Mixer Truck,CONCRETE EQUIPMENT,TRK-MIXER,yd3,VOL TRANSPORTED-M3,36341,34.4
2024-03-01,PRD000000000010069740,USA,4553,Shop - 56th Street Shop,PETERBILT,Mixer Truck,CONCRETE EQUIPMENT,TRK-MIXER,yd3,VOL TRANSPORTED-M3,38428,29.1
2023-10-11,PRD000000000010069740,USA,4553,Shop - 56th Street Shop,PETERBILT,Mixer Truck,CONCRETE EQUIPMENT,TRK-MIXER,yd3,VOL TRANSPORTED-M3,35739,38.2
2024-05-01,PRD000000000010069740,USA,4553,Shop - 56th Street Shop,PETERBILT,Mixer Truck,CONCRETE EQUIPMENT,TRK-MIXER,yd3,VOL TRANSPORTED-M3,39763,22.9
2023-08-25,PRD000000000010069740,USA,4553,Shop - 56th Street Shop,PETERBILT,Mixer Truck,CONCRETE EQUIPMENT,TRK-MIXER,yd3,VOL TRANSPORTED-M3,34589,45.1
2024-05-22,PRD000000000010069740,USA,4553,Shop - 56th Street Shop,PETERBILT,Mixer Truck,CONCRETE EQUIPMENT,TRK-MIXER,yd3,VOL TRANSPORTED-M3,40339,30.6
2023-06-20,PRD000000000010069740,USA,4553,Shop - 56th Street Shop,PETERBILT,Mixer Truck,CONCRETE EQUIPMENT,TRK-MIXER,yd3,VOL TRANSPORTED-M3,33571,22.2
2024-04-23,PRD000000000010069740,USA,4553,Shop - 56th Street Shop,PETERBILT,Mixer Truck,CONCRETE EQUIPMENT,TRK-MIXER,yd3,VOL TRANSPORTED-M3,39519,38.2
2023-11-27,PRD000000000010069740,USA,4553,Shop - 56th Street Shop,PETERBILT,Mixer Truck,CONCRETE EQUIPMENT,TRK-MIXER,yd3,VOL TRANSPORTED-M3,36582,22.9
2024-05-20,PRD000000000010069740,USA,4553,Shop - 56th Street Shop,PETERBILT,Mixer Truck,CONCRETE EQUIPMENT,TRK-MIXER,yd3,VOL TRANSPORTED-M3,40293,30.6
2024-06-13,PRD000000000010069740,USA,4553,Shop - 56th Street Shop,PETERBILT,Mixer Truck,CONCRETE EQUIPMENT,TRK-MIXER,yd3,VOL TRANSPORTED-M3,40566,7.6
2023-05-30,PRD000000000010069740,USA,4553,Shop - 56th Street Shop,PETERBILT,Mixer Truck,CONCRETE EQUIPMENT,TRK-MIXER,yd3,VOL TRANSPORTED-M3,33113,29.8
2023-09-25,PRD000000000010069740,USA,4553,Shop - 56th Street Shop,PETERBILT,Mixer Truck,CONCRETE EQUIPMENT,TRK-MIXER,yd3,VOL TRANSPORTED-M3,35337,30.6
2024-03-08,PRD000000000010069740,USA,4553,Shop - 56th Street Shop,PETERBILT,Mixer Truck,CONCRETE EQUIPMENT,TRK-MIXER,yd3,VOL TRANSPORTED-M3,38587,38.2
2023-10-14,PRD000000000010069740,USA,4553,Shop - 56th Street Shop,PETERBILT,Mixer Truck,CONCRETE EQUIPMENT,TRK-MIXER,yd3,VOL TRANSPORTED-M3,35784,15.3
2023-06-23,PRD000000000010069740,USA,4553,Shop - 56th Street Shop,PETERBILT,Mixer Truck,CONCRETE EQUIPMENT,TRK-MIXER,yd3,VOL TRANSPORTED-M3,33666,22.9
2024-04-26,PRD000000000010069740,USA,4553,Shop - 56th Street Shop,PETERBILT,Mixer Truck,CONCRETE EQUIPMENT,TRK-MIXER,yd3,VOL TRANSPORTED-M3,39684,50.1
2023-11-21,PRD000000000010069740,USA,4553,Shop - 56th Street Shop,PETERBILT,Mixer Truck,CONCRETE EQUIPMENT,TRK-MIXER,yd3,VOL TRANSPORTED-M3,36544,29.8
2023-05-15,PRD000000000010069740,USA,4553,Shop - 56th Street Shop,PETERBILT,Mixer Truck,CONCRETE EQUIPMENT,TRK-MIXER,yd3,VOL TRANSPORTED-M3,32811,84.1
2023-05-09,PRD000000000010069740,USA,4553,Shop - 56th Street Shop,PETERBILT,Mixer Truck,CONCRETE EQUIPMENT,TRK-MIXER,yd3,VOL TRANSPORTED-M3,32690,15.3
2023-08-16,PRD000000000010069740,USA,4553,Shop - 56th Street Shop,PETERBILT,Mixer Truck,CONCRETE EQUIPMENT,TRK-MIXER,yd3,VOL TRANSPORTED-M3,34400,22.9
2023-06-05,PRD000000000010069740,USA,4553,Shop - 56th Street Shop,PETERBILT,Mixer Truck,CONCRETE EQUIPMENT,TRK-MIXER,yd3,VOL TRANSPORTED-M3,33239,53.5
2023-06-07,PRD000000000010069740,USA,4553,Shop - 56th Street Shop,PETERBILT,Mixer Truck,CONCRETE EQUIPMENT,TRK-MIXER,yd3,VOL TRANSPORTED-M3,33315,22.9
2024-04-08,PRD000000000010069740,USA,4553,Shop - 56th Street Shop,PETERBILT,Mixer Truck,CONCRETE EQUIPMENT,TRK-MIXER,yd3,VOL TRANSPORTED-M3,39109,61.2
2023-07-24,PRD000000000010069740,USA,4553,Shop - 56th Street Shop,PETERBILT,Mixer Truck,CONCRETE EQUIPMENT,TRK-MIXER,yd3,VOL TRANSPORTED-M3,34294,29.8
2024-05-30,PRD000000000010069740,USA,4553,Shop - 56th Street Shop,PETERBILT,Mixer Truck,CONCRETE EQUIPMENT,TRK-MIXER,yd3,VOL TRANSPORTED-M3,40476,38.2
2023-07-19,PRD000000000010069740,USA,4553,Shop - 56th Street Shop,PETERBILT,Mixer Truck,CONCRETE EQUIPMENT,TRK-MIXER,yd3,VOL TRANSPORTED-M3,34177,19.1
2023-07-15,PRD000000000010069740,USA,4553,Shop - 56th Street Shop,PETERBILT,Mixer Truck,CONCRETE EQUIPMENT,TRK-MIXER,yd3,VOL TRANSPORTED-M3,34066,38.2
2023-06-27,PRD000000000010069740,USA,4553,Shop - 56th Street Shop,PETERBILT,Mixer Truck,CONCRETE EQUIPMENT,TRK-MIXER,yd3,VOL TRANSPORTED-M3,33727,30.6
2024-06-24,PRD000000000010069740,USA,4553,Shop - 56th Street Shop,PETERBILT,Mixer Truck,CONCRETE EQUIPMENT,TRK-MIXER,yd3,VOL TRANSPORTED-M3,40908,38.2
2024-04-12,PRD000000000010069740,USA,4553,Shop - 56th Street Shop,PETERBILT,Mixer Truck,CONCRETE EQUIPMENT,TRK-MIXER,yd3,VOL TRANSPORTED-M3,39226,22.9
2023-05-23,PRD000000000010069740,USA,4553,Shop - 56th Street Shop,PETERBILT,Mixer Truck,CONCRETE EQUIPMENT,TRK-MIXER,yd3,VOL TRANSPORTED-M3,33008,35.9
2024-05-02,PRD000000000010069740,USA,4553,Shop - 56th Street Shop,PETERBILT,Mixer Truck,CONCRETE EQUIPMENT,TRK-MIXER,yd3,VOL TRANSPORTED-M3,39787,23.3
2023-06-01,PRD000000000010069740,USA,4553,Shop - 56th Street Shop,PETERBILT,Mixer Truck,CONCRETE EQUIPMENT,TRK-MIXER,yd3,VOL TRANSPORTED-M3,33147,5.4
2023-10-02,PRD000000000010069740,USA,4553,Shop - 56th Street Shop,PETERBILT,Mixer Truck,CONCRETE EQUIPMENT,TRK-MIXER,yd3,VOL TRANSPORTED-M3,35516,29.1
2023-09-09,PRD000000000010069740,USA,4553,Shop - 56th Street Shop,PETERBILT,Mixer Truck,CONCRETE EQUIPMENT,TRK-MIXER,yd3,VOL TRANSPORTED-M3,34889,22.9
2024-02-20,PRD000000000010069740,USA,4553,Shop - 56th Street Shop,PETERBILT,Mixer Truck,CONCRETE EQUIPMENT,TRK-MIXER,yd3,VOL TRANSPORTED-M3,38107,28.3
2023-12-02,PRD000000000010069740,USA,4553,Shop - 56th Street Shop,PETERBILT,Mixer Truck,CONCRETE EQUIPMENT,TRK-MIXER,yd3,VOL TRANSPORTED-M3,36622,7.6
2023-09-23,PRD000000000010069740,USA,4553,Shop - 56th Street Shop,PETERBILT,Mixer Truck,CONCRETE EQUIPMENT,TRK-MIXER,yd3,VOL TRANSPORTED-M3,35307,7.6
2024-05-18,PRD000000000010069740,USA,4553,Shop - 56th Street Shop,PETERBILT,Mixer Truck,CONCRETE EQUIPMENT,TRK-MIXER,yd3,VOL TRANSPORTED-M3,40262,68.8
2024-02-05,PRD000000000010069740,USA,4553,Shop - 56th Street Shop,PETERBILT,Mixer Truck,CONCRETE EQUIPMENT,TRK-MIXER,yd3,VOL TRANSPORTED-M3,37742,35.9
2024-05-13,PRD000000000010069740,USA,4553,Shop - 56th Street Shop,PETERBILT,Mixer Truck,CONCRETE EQUIPMENT,TRK-MIXER,yd3,VOL TRANSPORTED-M3,40080,56.6
2023-06-28,PRD000000000010069740,USA,4553,Shop - 56th Street Shop,PETERBILT,Mixer Truck,CONCRETE EQUIPMENT,TRK-MIXER,yd3,VOL TRANSPORTED-M3,33764,37.5
2024-05-17,PRD000000000010069740,USA,4553,Shop - 56th Street Shop,PETERBILT,Mixer Truck,CONCRETE EQUIPMENT,TRK-MIXER,yd3,VOL TRANSPORTED-M3,40194,53.5
2024-01-19,PRD000000000010069740,USA,4553,Shop - 56th Street Shop,PETERBILT,Mixer Truck,CONCRETE EQUIPMENT,TRK-MIXER,yd3,VOL TRANSPORTED-M3,37255,74.5
2023-12-05,PRD000000000010069740,USA,4553,Shop - 56th Street Shop,PETERBILT,Mixer Truck,CONCRETE EQUIPMENT,TRK-MIXER,yd3,VOL TRANSPORTED-M3,36683,32.9
2024-02-29,PRD000000000010069740,USA,4553,Shop - 56th Street Shop,PETERBILT,Mixer Truck,CONCRETE EQUIPMENT,TRK-MIXER,yd3,VOL TRANSPORTED-M3,38399,66.5
2023-10-25,PRD000000000010069740,USA,4553,Shop - 56th Street Shop,PETERBILT,Mixer Truck,CONCRETE EQUIPMENT,TRK-MIXER,yd3,VOL TRANSPORTED-M3,36055,45.9
2023-09-26,PRD000000000010069740,USA,4553,Shop - 56th Street Shop,PETERBILT,Mixer Truck,CONCRETE EQUIPMENT,TRK-MIXER,yd3,VOL TRANSPORTED-M3,35360,22.9
2024-05-09,PRD000000000010069740,USA,4553,Shop - 56th Street Shop,PETERBILT,Mixer Truck,CONCRETE EQUIPMENT,TRK-MIXER,yd3,VOL TRANSPORTED-M3,39970,38.2
2024-05-14,PRD000000000010069740,USA,4553,Shop - 56th Street Shop,PETERBILT,Mixer Truck,CONCRETE EQUIPMENT,TRK-MIXER,yd3,VOL TRANSPORTED-M3,40132,52.0
2023-06-06,PRD000000000010069740,USA,4553,Shop - 56th Street Shop,PETERBILT,Mixer Truck,CONCRETE EQUIPMENT,TRK-MIXER,yd3,VOL TRANSPORTED-M3,33292,53.5
2023-08-28,PRD000000000010069740,USA,4553,Shop - 56th Street Shop,PETERBILT,Mixer Truck,CONCRETE EQUIPMENT,TRK-MIXER,yd3,VOL TRANSPORTED-M3,34619,30.6
2023-09-30,PRD000000000010069740,USA,4553,Shop - 56th Street Shop,PETERBILT,Mixer Truck,CONCRETE EQUIPMENT,TRK-MIXER,yd3,VOL TRANSPORTED-M3,35487,30.6
2024-06-14,PRD000000000010069740,USA,4553,Shop - 56th Street Shop,PETERBILT,Mixer Truck,CONCRETE EQUIPMENT,TRK-MIXER,yd3,VOL TRANSPORTED-M3,40616,49.7
2024-05-15,PRD000000000010069740,USA,4553,Shop - 56th Street Shop,PETERBILT,Mixer Truck,CONCRETE EQUIPMENT,TRK-MIXER,yd3,VOL TRANSPORTED-M3,40140,7.6
2024-04-09,PRD000000000010069740,USA,4553,Shop - 56th Street Shop,PETERBILT,Mixer Truck,CONCRETE EQUIPMENT,TRK-MIXER,yd3,VOL TRANSPORTED-M3,39166,57.3
2024-04-25,PRD000000000010069740,USA,4553,Shop - 56th Street Shop,PETERBILT,Mixer Truck,CONCRETE EQUIPMENT,TRK-MIXER,yd3,VOL TRANSPORTED-M3,39634,45.9
2024-06-22,PRD000000000010069740,USA,4553,Shop - 56th Street Shop,PETERBILT,Mixer Truck,CONCRETE EQUIPMENT,TRK-MIXER,yd3,VOL TRANSPORTED-M3,40870,58.9
2023-07-17,PRD000000000010069740,USA,4553,Shop - 56th Street Shop,PETERBILT,Mixer Truck,CONCRETE EQUIPMENT,TRK-MIXER,yd3,VOL TRANSPORTED-M3,34112,46.3
2024-02-23,PRD000000000010069740,USA,4553,Shop - 56th Street Shop,PETERBILT,Mixer Truck,CONCRETE EQUIPMENT,TRK-MIXER,yd3,VOL TRANSPORTED-M3,38188,19.1
2023-12-13,PRD000000000010069740,USA,4553,Shop - 56th Street Shop,PETERBILT,Mixer Truck,CONCRETE EQUIPMENT,TRK-MIXER,yd3,VOL TRANSPORTED-M3,36893,68.8
2023-11-14,PRD000000000010069740,USA,4553,Shop - 56th Street Shop,PETERBILT,Mixer Truck,CONCRETE EQUIPMENT,TRK-MIXER,yd3,VOL TRANSPORTED-M3,36397,22.2
2023-05-12,PRD000000000010069740,USA,4553,Shop - 56th Street Shop,PETERBILT,Mixer Truck,CONCRETE EQUIPMENT,TRK-MIXER,yd3,VOL TRANSPORTED-M3,32727,36.7
2023-10-07,PRD000000000010069740,USA,4553,Shop - 56th Street Shop,PETERBILT,Mixer Truck,CONCRETE EQUIPMENT,TRK-MIXER,yd3,VOL TRANSPORTED-M3,35643,15.3
2024-03-07,PRD000000000010069740,USA,4553,Shop - 56th Street Shop,PETERBILT,Mixer Truck,CONCRETE EQUIPMENT,TRK-MIXER,yd3,VOL TRANSPORTED-M3,38549,53.5
2024-03-19,PRD000000000010069740,USA,4553,Shop - 56th Street Shop,PETERBILT,Mixer Truck,CONCRETE EQUIPMENT,TRK-MIXER,yd3,VOL TRANSPORTED-M3,38801,30.6
2024-01-09,PRD000000000010069740,USA,4553,Shop - 56th Street Shop,PETERBILT,Mixer Truck,CONCRETE EQUIPMENT,TRK-MIXER,yd3,VOL TRANSPORTED-M3,37006,22.2
2023-12-14,PRD000000000010069740,USA,4553,Shop - 56th Street Shop,PETERBILT,Mixer Truck,CONCRETE EQUIPMENT,TRK-MIXER,yd3,VOL TRANSPORTED-M3,36916,22.9
2023-05-16,PRD000000000010069740,USA,4553,Shop - 56th Street Shop,PETERBILT,Mixer Truck,CONCRETE EQUIPMENT,TRK-MIXER,yd3,VOL TRANSPORTED-M3,32873,61.5
2024-02-27,PRD000000000010069740,USA,4553,Shop - 56th Street Shop,PETERBILT,Mixer Truck,CONCRETE EQUIPMENT,TRK-MIXER,yd3,VOL TRANSPORTED-M3,38294,61.2
2023-11-01,PRD000000000010069740,USA,4553,Shop - 56th Street Shop,PETERBILT,Mixer Truck,CONCRETE EQUIPMENT,TRK-MIXER,yd3,VOL TRANSPORTED-M3,36180,33.6
2023-08-18,PRD000000000010069740,USA,4553,Shop - 56th Street Shop,PETERBILT,Mixer Truck,CONCRETE EQUIPMENT,TRK-MIXER,yd3,VOL TRANSPORTED-M3,34442,30.6
2024-05-10,PRD000000000010069740,USA,4553,Shop - 56th Street Shop,PETERBILT,Mixer Truck,CONCRETE EQUIPMENT,TRK-MIXER,yd3,VOL TRANSPORTED-M3,40024,53.5
2024-06-27,PRD000000000010069740,USA,4553,Shop - 56th Street Shop,PETERBILT,Mixer Truck,CONCRETE EQUIPMENT,TRK-MIXER,yd3,VOL TRANSPORTED-M3,40983,30.6
2024-04-13,PRD000000000010069740,USA,4553,Shop - 56th Street Shop,PETERBILT,Mixer Truck,CONCRETE EQUIPMENT,TRK-MIXER,yd3,VOL TRANSPORTED-M3,39256,30.6
2024-02-14,PRD000000000010069740,USA,4553,Shop - 56th Street Shop,PETERBILT,Mixer Truck,CONCRETE EQUIPMENT,TRK-MIXER,yd3,VOL TRANSPORTED-M3,37962,7.6
2023-09-13,PRD000000000010069740,USA,4553,Shop - 56th Street Shop,PETERBILT,Mixer Truck,CONCRETE EQUIPMENT,TRK-MIXER,yd3,VOL TRANSPORTED-M3,35052,37.5
2023-09-07,PRD000000000010069740,USA,4553,Shop - 56th Street Shop,PETERBILT,Mixer Truck,CONCRETE EQUIPMENT,TRK-MIXER,yd3,VOL TRANSPORTED-M3,34828,72.6
2023-09-01,PRD000000000010069740,USA,4553,Shop - 56th Street Shop,PETERBILT,Mixer Truck,CONCRETE EQUIPMENT,TRK-MIXER,yd3,VOL TRANSPORTED-M3,34710,38.2
2024-02-12,PRD000000000010069740,USA,4553,Shop - 56th Street Shop,PETERBILT,Mixer Truck,CONCRETE EQUIPMENT,TRK-MIXER,yd3,VOL TRANSPORTED-M3,37911,13.8
2024-05-07,PRD000000000010069740,USA,4553,Shop - 56th Street Shop,PETERBILT,Mixer Truck,CONCRETE EQUIPMENT,TRK-MIXER,yd3,VOL TRANSPORTED-M3,39917,68.8
2023-10-27,PRD000000000010069740,USA,4553,Shop - 56th Street Shop,PETERBILT,Mixer Truck,CONCRETE EQUIPMENT,TRK-MIXER,yd3,VOL TRANSPORTED-M3,36132,45.9
2024-06-28,PRD000000000010069740,USA,4553,Shop - 56th Street Shop,PETERBILT,Mixer Truck,CONCRETE EQUIPMENT,TRK-MIXER,yd3,VOL TRANSPORTED-M3,41044,60.4
2024-05-29,PRD000000000010069740,USA,4553,Shop - 56th Street Shop,PETERBILT,Mixer Truck,CONCRETE EQUIPMENT,TRK-MIXER,yd3,VOL TRANSPORTED-M3,40438,61.2
2023-10-18,PRD000000000010069740,USA,4553,Shop - 56th Street Shop,PETERBILT,Mixer Truck,CONCRETE EQUIPMENT,TRK-MIXER,yd3,VOL TRANSPORTED-M3,35866,30.6
2024-01-08,PRD000000000010069740,USA,4553,Shop - 56th Street Shop,PETERBILT,Mixer Truck,CONCRETE EQUIPMENT,TRK-MIXER,yd3,VOL TRANSPORTED-M3,36984,15.3
2023-11-10,PRD000000000010069740,USA,4553,Shop - 56th Street Shop,PETERBILT,Mixer Truck,CONCRETE EQUIPMENT,TRK-MIXER,yd3,VOL TRANSPORTED-M3,36375,34.0
2023-11-17,PRD000000000010069740,USA,4553,Shop - 56th Street Shop,PETERBILT,Mixer Truck,CONCRETE EQUIPMENT,TRK-MIXER,yd3,VOL TRANSPORTED-M3,36493,42.8
2023-09-12,PRD000000000010069740,USA,4553,Shop - 56th Street Shop,PETERBILT,Mixer Truck,CONCRETE EQUIPMENT,TRK-MIXER,yd3,VOL TRANSPORTED-M3,35014,55.8
2023-07-13,PRD000000000010069740,USA,4553,Shop - 56th Street Shop,PETERBILT,Mixer Truck,CONCRETE EQUIPMENT,TRK-MIXER,yd3,VOL TRANSPORTED-M3,34008,60.4
2023-08-29,PRD000000000010069740,USA,4553,Shop - 56th Street Shop,PETERBILT,Mixer Truck,CONCRETE EQUIPMENT,TRK-MIXER,yd3,VOL TRANSPORTED-M3,34664,45.1
2023-08-23,PRD000000000010069740,USA,4553,Shop - 56th Street Shop,PETERBILT,Mixer Truck,CONCRETE EQUIPMENT,TRK-MIXER,yd3,VOL TRANSPORTED-M3,34521,38.2
2023-11-22,PRD000000000010069740,USA,4553,Shop - 56th Street Shop,PETERBILT,Mixer Truck,CONCRETE EQUIPMENT,TRK-MIXER,yd3,VOL TRANSPORTED-M3,36559,15.3
2023-09-18,PRD000000000010069740,USA,4553,Shop - 56th Street Shop,PETERBILT,Mixer Truck,CONCRETE EQUIPMENT,TRK-MIXER,yd3,VOL TRANSPORTED-M3,35177,10.7
2024-02-07,PRD000000000010069740,USA,4553,Shop - 56th Street Shop,PETERBILT,Mixer Truck,CONCRETE EQUIPMENT,TRK-MIXER,yd3,VOL TRANSPORTED-M3,37813,45.9
2024-05-04,PRD000000000010069740,USA,4553,Shop - 56th Street Shop,PETERBILT,Mixer Truck,CONCRETE EQUIPMENT,TRK-MIXER,yd3,VOL TRANSPORTED-M3,39817,7.6
2024-01-26,PRD000000000010069740,USA,4553,Shop - 56th Street Shop,PETERBILT,Mixer Truck,CONCRETE EQUIPMENT,TRK-MIXER,yd3,VOL TRANSPORTED-M3,37541,45.9
2023-06-13,PRD000000000010069740,USA,4553,Shop - 56th Street Shop,PETERBILT,Mixer Truck,CONCRETE EQUIPMENT,TRK-MIXER,yd3,VOL TRANSPORTED-M3,33480,30.6
2024-06-19,PRD000000000010069740,USA,4553,Shop - 56th Street Shop,PETERBILT,Mixer Truck,CONCRETE EQUIPMENT,TRK-MIXER,yd3,VOL TRANSPORTED-M3,40704,53.5
2024-04-03,PRD000000000010069740,USA,4553,Shop - 56th Street Shop,PETERBILT,Mixer Truck,CONCRETE EQUIPMENT,TRK-MIXER,yd3,VOL TRANSPORTED-M3,38956,38.2
2023-10-04,PRD000000000010069740,USA,4553,Shop - 56th Street Shop,PETERBILT,Mixer Truck,CONCRETE EQUIPMENT,TRK-MIXER,yd3,VOL TRANSPORTED-M3,35561,30.6
2023-10-17,PRD000000000010069740,USA,4553,Shop - 56th Street Shop,PETERBILT,Mixer Truck,CONCRETE EQUIPMENT,TRK-MIXER,yd3,VOL TRANSPORTED-M3,35835,30.6
2023-11-15,PRD000000000010069740,USA,4553,Shop - 56th Street Shop,PETERBILT,Mixer Truck,CONCRETE EQUIPMENT,TRK-MIXER,yd3,VOL TRANSPORTED-M3,36427,30.6
2024-02-16,PRD000000000010069740,USA,4553,Shop - 56th Street Shop,PETERBILT,Mixer Truck,CONCRETE EQUIPMENT,TRK-MIXER,yd3,VOL TRANSPORTED-M3,38049,29.4
2023-11-02,PRD000000000010069740,USA,4553,Shop - 56th Street Shop,PETERBILT,Mixer Truck,CONCRETE EQUIPMENT,TRK-MIXER,yd3,VOL TRANSPORTED-M3,36203,22.9
2023-08-21,PRD000000000010069740,USA,4553,Shop - 56th Street Shop,PETERBILT,Mixer Truck,CONCRETE EQUIPMENT,TRK-MIXER,yd3,VOL TRANSPORTED-M3,34461,19.1
2024-04-19,PRD000000000010069740,USA,4553,Shop - 56th Street Shop,PETERBILT,Mixer Truck,CONCRETE EQUIPMENT,TRK-MIXER,yd3,VOL TRANSPORTED-M3,39448,22.9
2024-02-24,PRD000000000010069740,USA,4553,Shop - 56th Street Shop,PETERBILT,Mixer Truck,CONCRETE EQUIPMENT,TRK-MIXER,yd3,VOL TRANSPORTED-M3,38211,22.9
2023-05-18,PRD000000000010069740,USA,4553,Shop - 56th Street Shop,PETERBILT,Mixer Truck,CONCRETE EQUIPMENT,TRK-MIXER,yd3,VOL TRANSPORTED-M3,32942,15.7
2023-08-31,PRD000000000010069740,USA,4553,Shop - 56th Street Shop,PETERBILT,Mixer Truck,CONCRETE EQUIPMENT,TRK-MIXER,yd3,VOL TRANSPORTED-M3,34672,7.6
2023-10-05,PRD000000000010069740,USA,4553,Shop - 56th Street Shop,PETERBILT,Mixer Truck,CONCRETE EQUIPMENT,TRK-MIXER,yd3,VOL TRANSPORTED-M3,35605,43.2
2023-07-06,PRD000000000010069740,USA,4553,Shop - 56th Street Shop,PETERBILT,Mixer Truck,CONCRETE EQUIPMENT,TRK-MIXER,yd3,VOL TRANSPORTED-M3,33841,15.3
2023-11-16,PRD000000000010069740,USA,4553,Shop - 56th Street Shop,PETERBILT,Mixer Truck,CONCRETE EQUIPMENT,TRK-MIXER,yd3,VOL TRANSPORTED-M3,36450,22.9
2023-10-09,PRD000000000010069740,USA,4553,Shop - 56th Street Shop,PETERBILT,Mixer Truck,CONCRETE EQUIPMENT,TRK-MIXER,yd3,VOL TRANSPORTED-M3,35673,29.8
2023-10-10,PRD000000000010069740,USA,4553,Shop - 56th Street Shop,PETERBILT,Mixer Truck,CONCRETE EQUIPMENT,TRK-MIXER,yd3,VOL TRANSPORTED-M3,35701,27.9
2023-05-24,PRD000000000010069740,USA,4553,Shop - 56th Street Shop,PETERBILT,Mixer Truck,CONCRETE EQUIPMENT,TRK-MIXER,yd3,VOL TRANSPORTED-M3,33019,11.1
2023-05-22,PRD000000000010069740,USA,4553,Shop - 56th Street Shop,PETERBILT,Mixer Truck,CONCRETE EQUIPMENT,TRK-MIXER,yd3,VOL TRANSPORTED-M3,32972,30.6
2023-12-07,PRD000000000010069740,USA,4553,Shop - 56th Street Shop,PETERBILT,Mixer Truck,CONCRETE EQUIPMENT,TRK-MIXER,yd3,VOL TRANSPORTED-M3,36737,22.9
2023-09-20,PRD000000000010069740,USA,4553,Shop - 56th Street Shop,PETERBILT,Mixer Truck,CONCRETE EQUIPMENT,TRK-MIXER,yd3,VOL TRANSPORTED-M3,35192,15.3
2023-11-28,PRD000000000010069740,USA,4553,Shop - 56th Street Shop,PETERBILT,Mixer Truck,CONCRETE EQUIPMENT,TRK-MIXER,yd3,VOL TRANSPORTED-M3,36614,32.1
2023-12-08,PRD000000000010069740,USA,4553,Shop - 56th Street Shop,PETERBILT,Mixer Truck,CONCRETE EQUIPMENT,TRK-MIXER,yd3,VOL TRANSPORTED-M3,36766,29.1
2024-01-16,PRD000000000010069740,USA,4553,Shop - 56th Street Shop,PETERBILT,Mixer Truck,CONCRETE EQUIPMENT,TRK-MIXER,yd3,VOL TRANSPORTED-M3,37120,22.9
2023-07-11,PRD000000000010069740,USA,4553,Shop - 56th Street Shop,PETERBILT,Mixer Truck,CONCRETE EQUIPMENT,TRK-MIXER,yd3,VOL TRANSPORTED-M3,33910,15.3
2023-06-14,PRD000000000010069740,USA,4553,Shop - 56th Street Shop,PETERBILT,Mixer Truck,CONCRETE EQUIPMENT,TRK-MIXER,yd3,VOL TRANSPORTED-M3,33534,53.5
2023-09-06,PRD000000000010069740,USA,4553,Shop - 56th Street Shop,PETERBILT,Mixer Truck,CONCRETE EQUIPMENT,TRK-MIXER,yd3,VOL TRANSPORTED-M3,34756,22.6
2023-10-19,PRD000000000010069740,USA,4553,Shop - 56th Street Shop,PETERBILT,Mixer Truck,CONCRETE EQUIPMENT,TRK-MIXER,yd3,VOL TRANSPORTED-M3,35912,45.9
2024-01-25,PRD000000000010069740,USA,4553,Shop - 56th Street Shop,PETERBILT,Mixer Truck,CONCRETE EQUIPMENT,TRK-MIXER,yd3,VOL TRANSPORTED-M3,37495,38.2
2024-03-06,PRD000000000010069740,USA,4553,Shop - 56th Street Shop,PETERBILT,Mixer Truck,CONCRETE EQUIPMENT,TRK-MIXER,yd3,VOL TRANSPORTED-M3,38495,7.6
2024-02-26,PRD000000000010069740,USA,4553,Shop - 56th Street Shop,PETERBILT,Mixer Truck,CONCRETE EQUIPMENT,TRK-MIXER,yd3,VOL TRANSPORTED-M3,38233,22.2
2023-07-18,PRD000000000010069740,USA,4553,Shop - 56th Street Shop,PETERBILT,Mixer Truck,CONCRETE EQUIPMENT,TRK-MIXER,yd3,VOL TRANSPORTED-M3,34158,45.9
2023-08-22,PRD000000000010069740,USA,4553,Shop - 56th Street Shop,PETERBILT,Mixer Truck,CONCRETE EQUIPMENT,TRK-MIXER,yd3,VOL TRANSPORTED-M3,34482,21.4
2024-03-29,PRD000000000010069740,USA,4553,Shop - 56th Street Shop,PETERBILT,Mixer Truck,CONCRETE EQUIPMENT,TRK-MIXER,yd3,VOL TRANSPORTED-M3,38845,22.9
2023-10-21,PRD000000000010069740,USA,4553,Shop - 56th Street Shop,PETERBILT,Mixer Truck,CONCRETE EQUIPMENT,TRK-MIXER,yd3,VOL TRANSPORTED-M3,35958,15.3
2023-10-20,PRD000000000010069740,USA,4553,Shop - 56th Street Shop,PETERBILT,Mixer Truck,CONCRETE EQUIPMENT,TRK-MIXER,yd3,VOL TRANSPORTED-M3,35942,30.6
2024-05-06,PRD000000000010069740,USA,4553,Shop - 56th Street Shop,PETERBILT,Mixer Truck,CONCRETE EQUIPMENT,TRK-MIXER,yd3,VOL TRANSPORTED-M3,39848,30.6
2023-05-25,PRD000000000010069740,USA,4553,Shop - 56th Street Shop,PETERBILT,Mixer Truck,CONCRETE EQUIPMENT,TRK-MIXER,yd3,VOL TRANSPORTED-M3,33060,40.5
2023-11-20,PRD000000000010069740,USA,4553,Shop - 56th Street Shop,PETERBILT,Mixer Truck,CONCRETE EQUIPMENT,TRK-MIXER,yd3,VOL TRANSPORTED-M3,36514,21.0
2023-11-03,PRD000000000010069740,USA,4553,Shop - 56th Street Shop,PETERBILT,Mixer Truck,CONCRETE EQUIPMENT,TRK-MIXER,yd3,VOL TRANSPORTED-M3,36249,45.9
2023-09-29,PRD000000000010069740,USA,4553,Shop - 56th Street Shop,PETERBILT,Mixer Truck,CONCRETE EQUIPMENT,TRK-MIXER,yd3,VOL TRANSPORTED-M3,35456,30.6
2024-01-13,PRD000000000010069740,USA,4553,Shop - 56th Street Shop,PETERBILT,Mixer Truck,CONCRETE EQUIPMENT,TRK-MIXER,yd3,VOL TRANSPORTED-M3,37076,15.3
2023-09-08,PRD000000000010069740,USA,4553,Shop - 56th Street Shop,PETERBILT,Mixer Truck,CONCRETE EQUIPMENT,TRK-MIXER,yd3,VOL TRANSPORTED-M3,34867,38.2
2023-10-26,PRD000000000010069740,USA,4553,Shop - 56th Street Shop,PETERBILT,Mixer Truck,CONCRETE EQUIPMENT,TRK-MIXER,yd3,VOL TRANSPORTED-M3,36086,31.3
2024-07-02,PRD000000000010069740,USA,4553,Shop - 56th Street Shop,PETERBILT,Mixer Truck,CONCRETE EQUIPMENT,TRK-MIXER,yd3,VOL TRANSPORTED-M3,41118,58.9
2024-02-01,PRD000000000010069740,USA,4553,Shop - 56th Street Shop,PETERBILT,Mixer Truck,CONCRETE EQUIPMENT,TRK-MIXER,yd3,VOL TRANSPORTED-M3,37678,76.5
2023-09-05,PRD000000000010069740,USA,4553,Shop - 56th Street Shop,PETERBILT,Mixer Truck,CONCRETE EQUIPMENT,TRK-MIXER,yd3,VOL TRANSPORTED-M3,34733,22.9
2024-05-21,PRD000000000010069740,USA,4553,Shop - 56th Street Shop,PETERBILT,Mixer Truck,CONCRETE EQUIPMENT,TRK-MIXER,yd3,VOL TRANSPORTED-M3,40308,15.3
2023-09-21,PRD000000000010069740,USA,4553,Shop - 56th Street Shop,PETERBILT,Mixer Truck,CONCRETE EQUIPMENT,TRK-MIXER,yd3,VOL TRANSPORTED-M3,35207,15.3
2023-09-22,PRD000000000010069740,USA,4553,Shop - 56th Street Shop,PETERBILT,Mixer Truck,CONCRETE EQUIPMENT,TRK-MIXER,yd3,VOL TRANSPORTED-M3,35299,91.7
2023-09-14,PRD000000000010069740,USA,4553,Shop - 56th Street Shop,PETERBILT,Mixer Truck,CONCRETE EQUIPMENT,TRK-MIXER,yd3,VOL TRANSPORTED-M3,35120,68.8
2023-06-09,PRD000000000010069740,USA,4553,Shop - 56th Street Shop,PETERBILT,Mixer Truck,CONCRETE EQUIPMENT,TRK-MIXER,yd3,VOL TRANSPORTED-M3,33396,58.1
2024-05-08,PRD000000000010069740,USA,4553,Shop - 56th Street Shop,PETERBILT,Mixer Truck,CONCRETE EQUIPMENT,TRK-MIXER,yd3,VOL TRANSPORTED-M3,39932,15.3
2023-09-15,PRD000000000010069740,USA,4553,Shop - 56th Street Shop,PETERBILT,Mixer Truck,CONCRETE EQUIPMENT,TRK-MIXER,yd3,VOL TRANSPORTED-M3,35166,45.9
2023-10-16,PRD000000000010069740,USA,4553,Shop - 56th Street Shop,PETERBILT,Mixer Truck,CONCRETE EQUIPMENT,TRK-MIXER,yd3,VOL TRANSPORTED-M3,35805,20.6
2024-04-24,PRD000000000010069740,USA,4553,Shop - 56th Street Shop,PETERBILT,Mixer Truck,CONCRETE EQUIPMENT,TRK-MIXER,yd3,VOL TRANSPORTED-M3,39588,68.8
2024-01-29,PRD000000000010069740,USA,4553,Shop - 56th Street Shop,PETERBILT,Mixer Truck,CONCRETE EQUIPMENT,TRK-MIXER,yd3,VOL TRANSPORTED-M3,37563,22.2
2023-06-12,PRD000000000010069740,USA,4553,Shop - 56th Street Shop,PETERBILT,Mixer Truck,CONCRETE EQUIPMENT,TRK-MIXER,yd3,VOL TRANSPORTED-M3,33450,22.9
